,uuid_ancienGN
0,fc86ebf4-4f49-4b8d-8bf0-b0c4b768b85b
1,c183acc8-cbb0-4054-bbf7-d9243ede3a68
2,da165110-88fd-11da-a88f-000d939bc5d8
3,5b87aa03-48f0-4ed1-b0d5-329cbfc3edbf
4,54f44a3e-4ca1-4c23-a3aa-a9d0d380e0a8
5,369ab9ac-ed7f-4e78-8162-67aaa1a0de74
6,728d71e2-3ed4-419c-bb81-f5c5e883e94a
7,a600c04a-9c45-4206-90dd-9919b131e8d5
8,95507937-8eb3-493f-8b37-a5503417dc2c
9,d788debf-1d87-4790-a7e7-27107157b362
10,6db4ea13-6dc6-4b56-bad9-912f00717c71
11,8e58a12a-d2dd-4ac2-8989-589608be33fc
12,089d2743-1511-4b67-89f7-098cfb1ab263
13,c2356790-bae8-49d2-99b1-9dbd7dfcfc9e
14,ba0f0275-5e6d-4a52-a1d9-07621b3376c7
15,cd4942fd-2778-46a0-bba7-284a6948184a
16,052bb809-941c-4441-b43d-116866c1c604
17,1b647786-9280-40ae-99b2-fb182d300114
18,75622a61-d5e6-4122-ac28-edca33663fd8
19,7b88421a-9462-420f-9925-e41d9a6645ef
20,aced5a82-6a37-48b1-8e32-0cc17bed2d93
21,FR-18008901306731-2021-07-16
22,c4d8a6cb-b3d8-4a09-8016-dc9c4d93725c
23,ZATU_cff6bfae-2ed9-11e9-a271-71a2a9a47952
24,3de55714-602a-45cc-81b2-972f34f6f24c
25,abd9dc3e-02ee-4e9e-b26d-2f211b41d59d
26,2d7c94a9-abe6-4f7a-83c5-ec0a72ecc474
27,d04b94f1-75a6-4c4f-bbbe-af12bbf26114
28,344350d2-8e26-4b55-b4af-beed01f317dd
29,a04813a9-7a1b-4d6b-b36b-9efcaeb9ac05
30,a3a12bda-a9b9-4212-9067-e8935c006d4e
31,e0695815-231b-47b4-915b-6f660d3cd2a6
32,11108023-3086-40cb-91f5-43cd56d464d9
33,83d7b4e8-3d9a-42fe-bfe6-3116d7ddf912
34,da18fd01-adf4-490b-a8d4-7f398581fef5
35,da8177db-e476-45a0-aff5-f21e140d5990
36,3d647053-fc6b-4138-9841-69594abf16cf
37,a19b930d-ed9d-4322-ba12-293fdbd4ebf2
38,97d816b9-25b7-4229-801d-3f3cd37c2c58
39,4470708d-ab41-4a67-b364-f2ff798e4a0f
40,8d561836-9470-4516-8602-248a05b72748
41,c6c2912b-7098-48a6-ac21-385daee98e73
42,f19ef18d-51ab-4b65-872f-ba1fa1b6c9af
43,FR-18008901306731-2017-03-14
44,3365cff3-9380-411d-b7e9-8108d065bb5a
45,FR-18008901306731-2017-03-10
46,FR-18008901306731-2017-02-16-02
47,f586e9b6-96c6-4968-aa5b-4222137fea34
48,a3b7bf12-9a72-4423-8ba6-6d33b79969b8
49,912d1d6c-31fb-4a83-aacc-d5059aaedb9e
50,0cca3c8e-d4e4-409a-9ad2-25a95f03c51a
51,493a9c6b-25f8-408a-8c7b-58d29ef4c5aa
52,a787eae6-a72c-4d17-817f-9c2a5b5bb057
53,d9dd7c73-0361-4107-84fa-0f4932f9c3cd
54,d21963e2-f677-4adb-8ea2-ead3b17d9b48
55,ad6f82be-5a14-4cda-9166-ae9153520a93
56,f49640d3-b7fa-431f-b0b1-7dc23c22789f
57,f2ab4a80-923a-4e69-925e-de54218d5ee4
58,c930b82f-04e2-47e3-b4e4-dac9b14d94dd
59,653195e4-7829-44ea-b115-9e6541afefdb
60,cb5f67c8-9503-4af0-8bfc-d328b849ca0b
61,7b3e7ddd-641d-4bca-924f-7d12d8c09dac
62,be71e66c-425d-48a7-b904-c1b1f4405714
63,087795f4-3b24-4ea0-b5de-0f037d76ed51
64,df7ca5da-1dcf-4fca-8d25-f072b15e1acb
65,d427ab8c-7320-476c-8daa-8bf661ed68a2
66,ee69e099-8560-4305-9c46-6c3107c21961
67,0a8a1906-ba73-43d3-adde-27ac469b19b6
68,868f09e3-29a9-4505-b7ba-8249d7faf576
69,6ea82b5b-4a05-4f27-a270-75278800471f
70,ff468e1b-9199-45be-843d-eb6295e1abe3
71,bb92a5a0-cbb7-473d-afe4-9a1bed0d81fa
72,FR-130005457-201808290955-2010_OCS_LIVE_Rohrschollen_L1
73,47059d14-be39-43b3-8c04-0d5e40712178
74,566da397-3a8b-403b-bbbc-32bea52e76b3
75,4a01b8ab-07b7-4e68-ae18-673f393573f4
76,735ef77d-c474-4dfd-911b-236431776021
77,05ce111c-bf59-4b0b-8b5e-decc00c54bbb
78,a0f1c01a-d632-48f4-81f1-25f36dd6ce24
79,11547f59-6612-4eeb-9ac1-3cbffcdf3a47
80,750d8d67-19b2-40cb-9450-1a11a6c1e03a
81,ddeebbc1-eaae-4996-bc6b-ef46979dad39
82,FR-18008901306731-2015-07-06-20
83,FR-18008901306731-2021-07-21
84,e26aaea8-3b61-4d9f-9638-033357ea473f
85,3faa18d5-7cf3-456e-aa6f-ba38a7c2e731
86,daa8b3c4-2be8-489c-8773-f9313c027726
87,014fc08d-a9e2-4089-9685-4ffcc3607ffd
88,94e8f3cd-c7fa-42ad-b14b-978492026a40
89,87aa6c06-8b8f-4972-9ca7-6d6a19e9744a
90,107438bf-9806-4e60-a460-04e4f3111245
91,3b156d45-f21b-49bc-9286-136acc0cd5a9
92,5442acb1-6819-4195-9c49-f5771786d81a
93,066c58ae-49dc-4e03-bf27-f09bbe5e19be
94,40e777c3-6f65-49f1-83ac-aaec2a53be9e
95,b386ddc4-5679-46ec-b125-e5d3a9fffdc5
96,8d72cbb4-e8b3-4419-9c7a-f3b61ac91ed2
97,ec736edd-3989-4459-bc75-847ee3323a93
98,5016fd97-4698-436d-b2d0-b0b4343bdb5f
99,7b541c8d-7c40-465a-b446-1fa443ca9edd
100,253d786d-0c93-4398-a817-386c0b66323f
101,a87263e4-e732-4f63-b948-c7a848bd03f0
102,63a19fde-524f-4799-bd06-24f24da3e103
103,225ac368-125a-4032-a6d9-17d3cb73d744
104,FR-18008901306731-2016-02-15-20
105,042f7e2c-38fc-4fd9-8b8b-c1e1b20a8559
106,85f921f5-822f-4011-a329-09d2179256a9
107,be542123-89b5-46a2-8e29-bd75373a5890
108,8dfbd5f6-3709-402b-81d0-91c4e4ed048d
109,FR-18008901300700-CEBC-2016_assolement_anonyme_couvrant_2016_ZAPlaineVal2Sevre
110,bbd110f5-c194-4a3d-8682-39dea41625b3
111,e55ca6a4-2a3f-4b0a-99d6-f7e814b71541
112,fc4fb56b-313f-4ad2-aefe-0fc1db5f6f91
113,56e1c376-729d-44cb-adec-ebfa017a393f
114,a8789f83-8ddd-4d06-b402-87a0be3e8b58
115,43681e22-07b9-4bf0-b300-fb45085f4320
116,64cdc9fc-da9c-420e-99b0-b8df96526d52
117,FR-130005457-201808290955-2014_OCS_Limites_Etude_LIVE_Rohrschollen_L1
118,4b317e7e-2d6c-4c1e-8a48-23c11f5c428d
119,055b6c46-64ba-4415-bb7f-de9830353aa5
120,6298f705-8dd8-472d-9069-15e4bbb50ae0
121,ee19974d-36a4-4803-89a5-2637eb6d58d9
122,fb19e604-5240-44aa-9c2c-19b35773a32a
123,d81bd7a4-ee2a-4363-b662-f6f05cde2372
124,6ba36530-e78c-4df8-be7a-4156a2014456
125,c576777c-eeae-4334-8e96-2eb2e7711d5f
126,918ed081-0ea3-48f8-b7b4-2c3a0fdb70c2
127,001dc181-eef7-45a7-b294-f49da5ef3521
128,6bbcb48b-02f1-4a0e-9c1c-d48b4d8ff521
129,cf81f73b-b414-4f06-acb9-dc42633a7ab6
130,3719ff01-0c62-4596-a7d1-c8487c798444
131,8284e3b9-a6e8-430b-9e93-902ceb43b5f9
132,5dfa9759-8207-4981-b8ba-a004c157ad4b
133,909cefb9-ba90-41b4-9ef2-6559fec6a1fb
134,34d81586-1382-45b9-9762-4c78fc3f0db0
135,5d1d7e93-d961-42df-b289-4fa3f9a6edee
136,f61e58f4-70a6-4338-b3c7-26905059e410
137,c8cdebdf-92dd-412e-8a55-f6e8dfc9e8f3
138,91736af2-aabf-4b97-b638-3be055345b28
139,8d00d1bf-0b2e-411d-9295-f60bf3336b0a
140,efd3d291-3de5-4d13-bc3f-bef419044419
141,FR-18008901306731-2016-01-25
142,bce1a547-559b-40c1-b51f-897d5b9c6cbc
143,FR-18008901300700-CEBC-2017_bandes_enherbees_agripop_ZAPlaineVal2Sevre
144,FR-18008901300700-CEBC-2014_busard_agripop_ZAPlaineVal2Sevre
145,35fa130c-d3f2-4122-b840-9c67324215ef
146,4ef96777-89bb-4fd8-9730-c621559010ff
147,fede6362-f625-4407-b054-2b35a58a6b8a
148,cbf664f1-cf41-418d-b267-f8f56ee57af8
149,22ae68d0-8ec5-471c-85d9-203cc8101066
150,c0ec8b98-e9ac-49f2-8668-f513cb435fe3
151,91288374-9400-4db2-9163-6c73acdc2562
152,3e5ebf6e-dd58-487f-9b74-9298ed2c9ef3
153,27afe4e7-392f-4383-a2a6-454473c6c197
154,74ed108b-87f3-475e-921b-a189e13d3ec4
155,f6f7998a-f20d-4988-9445-667878694a49
156,90c2e742-7354-4ce1-b155-19fc1f10ea1e
157,b668ce48-a57f-4e92-9497-e18045eb1497
158,a05c12ea-8349-40cc-8f23-fc3b5b79f768
159,330b1033-2547-4a38-8933-fb1925ecec4f
160,68ab74fd-51fd-4459-aabd-9842598b4e56
161,56de1aae-b7a6-4f28-8ff8-d64ac2cabdf4
162,a0a032ff-5def-4203-9c81-67132fb871bc
163,FR-18008901306731-2017-01-26-05
164,FR-18008901306731-2017-01-26-06
165,FR-18008901306731-2017-01-26-03
166,d24df17c-8790-4758-a9fc-ca79712b7691
167,FR-18008901306731-2017-01-26-02
168,e237291e-dfdb-4c69-9632-c6c4c53afb85
169,ada99774-bf8e-423e-b6ba-ad966d71a91b
170,524c16dc-1a88-4b3a-a5d0-589b8388703c
171,c3fe73d1-64da-4671-8c25-60483a3dba2c
172,9bc0b43b-1e3d-42dd-95ea-d4ac749f7684
173,7e7c7a17-1dbd-4546-bd68-690edfbabba7
174,38c8cb9d-a041-4efe-8cd5-1bbf7a3fbcfd
175,ba0bf764-dca7-4d3f-82d9-7a3c4178a6b9
176,a7692719-3302-4802-bbe7-7b6d1e220799
177,f547ddb0-3e2e-41f0-a4ae-ec2cc59de649
178,b0fbaeb4-6a93-48fd-9951-ae0cc6c0db1c
179,ad9d7e99-2204-499c-8b02-8950d8b81417
180,8f728be7-48e6-429f-8f65-980939badd7d
181,7c73052d-380f-4eed-8429-236e3a5e0100
182,330953ba-b080-4a6e-ac9a-190c83652d21
183,8b1ae1ad-604d-46a6-a56b-18b209da197e
184,677cb0a5-09b3-4d85-b51f-10bb75613830
185,FR-130005457-201808290955-1872_ScanHisto_LIVE_Rohrschollen_L1
186,6805cd50-aa31-4c29-aec4-02ea328c56c1
187,ec99d97d-f17a-4100-b9c8-8f3b567fec69
188,90374dea-4545-4f43-ab04-d3479c844254
189,2374e0dd-0636-4df2-b8ef-792c02677114
190,e80520ee-e576-416a-be7f-bf4beae84937
191,af152719-0bd9-4ae4-8f29-a74b2b587ca5
192,cbdadf35-8901-4446-b472-9428288ae713
193,f1357995-e6c6-48f3-8579-21aac4918c0c
194,a315fc5c-0871-4088-9c24-d1a10fd69fdf
195,bfc26f6f-6047-47d5-ad2e-917821ea2da1
196,c84904cb-4cdb-47c3-8a63-1b39d9017d82
197,d9e45dbc-9aac-4ae2-a214-55a0a6550b56
198,a09aea75-e689-46fd-9620-9d904accb29d
199,1597183e-68c4-45ef-92a6-9de5f7955d5c
200,40b9940b-0f8a-403c-b5ca-dcb1a1dcf4cc
201,25c13867-127b-485c-9e57-b6375dc4369e
202,38ace42f-d82e-46b2-8fcf-622ddad20f2c
203,e185bcd3-b735-4126-856a-4de502f8b553
204,FR-130005457-201808290955-1949_OCS_LIVE_Rohrschollen_L1
205,63cf34f8-ed54-4767-805c-a432d2c8e2e6
206,e369b557-11c3-4ee1-b3b2-13e3a4c2b284
207,a79a9d9a-7751-41d3-80f8-62b9c5cbc876
208,390410e5-af42-4703-83c6-ad55f82d8f4b
209,74ed41ae-bbcd-464e-9eaa-d216f16c96e2
210,8727086f-9868-4221-be22-0552a4ae2289
211,cbab099a-c12a-4568-95e3-5a2523f969fe
212,aff66dd8-77d2-4b91-97b1-3bbbdc1f638f
213,efccb21e-3d89-44f2-99d2-a3221328cad8
214,dbda0bc6-a8a7-463f-bf06-84515ae42a28
215,b2036300-8605-4e28-af3e-a9c96858d1ac
216,fc4bb150-71c9-4c01-8ee8-9849a8e6b4f7
217,185df6f4-e884-4942-ab5d-6003b0a0b79a
218,97af4524-fa86-411a-90d2-023bd26d8731
219,f734b72f-f11f-43f4-84a3-37bd841aaa0e
220,e64af950-caf1-45ea-a5c2-d4b810383b25
221,FR-18008901300700-CEBC-2016_assolement_couvrant_2017_ZAPlaineVal2Sevre
222,cef920b8-50e7-4354-93f0-bcfb2d57e7e2
223,cdb8a386-d897-4c38-8add-50426b0f6842
224,c7f7ce35-f757-4043-84b9-c45161cde57d
225,1302871f-aa07-4c33-9314-a45e2aa49ec0
226,e1af14ea-ab27-4d1c-857d-9d132caecb38
227,cc2eb403-df96-493a-ab73-37fa7f7a876a
228,962f755c-b2e3-4ddc-aefa-5fa813ee6506
229,5e8fb512-7e8c-4926-ab4e-e675f7aee166
230,45a8301c-d46e-4753-bdd3-e54be2b9fb8a
231,29c85336-ec73-4682-b11f-d6e6c75622f3
232,1ffbf161-d005-4434-b098-930617a7f5bc
233,96b2059a-54cf-44be-9077-20043ce0e3da
234,85a747a5-efdb-4e4b-8afc-40fcb2e8a7b5
235,84dba7b9-841f-4273-9ac4-49441ad49c2c
236,68c5b643-aa66-4514-83d6-77926a6b9bab
237,2f9aacd9-1dc9-4cc4-ab80-7973f78139b0
238,2cd22b3f-e52c-465c-b0bc-bc290ee54867
239,daba5549-aeb2-43c5-8cc7-375fdeefeb14
240,b65f4166-44a7-4b4f-bdef-ea4d10d2671b
241,f56e06ed-cbdd-4a89-8585-6ecc4466c118
242,ee40310d-1fc2-481f-9831-9ee6b35e303b
243,8f3b1e12-cc31-4669-ae55-e6f15a47a066
244,812403c3-0dad-465c-ab64-eaa906f54204
245,a3fcc564-5944-4eb2-91cf-74e757b18f19
246,4ff3ce80-68af-40cc-9e83-e4a8174ade59
247,9d24d8ca-3390-4700-a63c-38bfd693cd5f
248,7ffa957a-b6bc-4e2b-b316-2ebf7c1694dd
249,17a0a1e8-1bdb-48bd-b460-91552ff52166
250,f62a3945-1bb2-475f-9c01-481e5fe78979
251,RZA-10-48579-PRO-DOCKDI
252,6d970c29-a923-4e03-8599-b683c192e366
253,9a956ee1-446d-4b95-9994-159d60cf985c
254,710c1a12-626a-4052-adb2-c23f864880ed
255,d3c1787d-f710-488b-a9bf-397a2e9926a5
256,6f0ff294-2092-4603-8971-de1a2bf3c706
257,1697dce9-969d-4c0c-be4c-64b56bab35ef
258,a6e371bd-11d9-49a7-8cfa-9e1d571054c9
259,2f65f54d-8f0d-4d23-b267-f7c62995a2ae
260,35a44ebd-1f32-43b4-bba8-743397abc211
261,d3b6fd30-7469-4e97-aeb0-2aeb7018686c
262,6ceb64d0-3f93-4628-b19a-9f967ebaa842
263,579fd0fa-82e8-46c9-b715-47217f07a0e0
264,44bb5002-4ac2-4722-b4ae-1fa08efbb4ce
265,e4617185-4f84-48e2-b486-9a1712cfe80a
266,b5ef3774-092d-4473-a691-0a7c7e876714
267,eed068e7-2f9e-4b17-a6c3-c1188b86ef0e
268,e56dd842-d0a9-424a-96b3-a9d7588a84dd
269,fd0ce938-a4f5-4b37-8f7b-dfbed708dabc
270,00877d12-9c14-4164-a533-b2ca4cae98a9
271,558c2dbd-4365-425d-9a31-7e6a513a4d5a
272,f31cb32a-2bfa-4563-a20c-9f3884b1f50f
273,6b07b4ed-7732-428a-ad85-aa42c3dd2ebe
274,8f9b3b9f-c6e3-4320-aee6-60c8ec7de941
275,FR-130005457-201808290955-1926_OCS_LIVE_Rohrschollen_L1
276,FR-18008901306731-2021-03-01
277,87ca4c80-2122-4926-9706-97a831405d61
278,02f337fc-78b3-4ddd-89c2-a3ab84d4fef3
279,d0511132-d16d-4dca-a7ae-f69c7c59d144
280,63a8ca50-caa0-43fd-b10f-db1c5dbb9573
281,f8f55738-000b-41a7-9586-ca6cd360067d
282,ee44f357-bacf-44c2-8f95-90fa9169c5fa
283,3f4fbe5d-0704-44e6-ae57-2deec6c8eb68
284,55ca07ca-2a9a-4939-925c-42f931572a01
285,93856895-198b-4621-a751-658d498151a5
286,66c93c24-6cfc-4854-907f-ae75fec69ffa
287,3a44a94b-525d-46aa-b772-edb443fb72c1
288,89d1a51c-4f57-477e-b586-cc2aa066e0d3
289,6e513eac-7897-4b79-89c5-4c0d0604bc51
290,e0d6c55d-239f-4b81-ba11-b450dd9a22f9
291,3479cb66-04e7-442f-a244-62f077aa3fec
292,2f20921a-f3e6-499a-97bc-d2a1a6afffb5
293,f9b6bff7-c8ff-41ad-ab2f-c2fe854cec2e
294,3fd16f51-976b-4209-88c5-7ab0e4425fe9
295,33815849-2dd1-4025-9c66-cd76ecea37ce
296,4dd0ccef-2a73-4da9-92fe-f77010893014
297,11eeceed-90b5-4151-8f41-84916a2e064d
298,fcd0df99-714a-4ff4-8e0e-8a9f7bfd12a6
299,70d35cf0-72f7-448c-b7e0-6050b19f4d40
300,5a6c05a7-58f5-4b1d-ad43-44a0f2ef4cec
301,a6b42312-a757-4a5e-b38b-328a45e05ba3
302,efb47da2-76ed-4bf7-8254-beba09d2c0e4
303,347d61e1-9727-4944-98b3-8b41f6ad096b
304,FR-18008901306731-2017-07-21-07
305,83cc1362-22a2-4d27-b270-35b49515cecf
306,MUZ_EDYTEM_chemistry_PAH_2014-2015
307,f68e66be-9928-40b4-890c-592ba7996575
308,75e38691-2342-4c6d-8028-69ffce1acab7
309,1995e0a6-5d74-4094-b5c8-b89f2ffefdbf
310,6db52eb5-c155-432c-b119-1a5e701258d8
311,4b3dd045-b782-4599-b48c-f00e208faebf
312,07f1cc2b-538e-442d-8510-6d6411a591bf
313,954cc5c4-9509-4148-ae1e-f4524d0d0ca6
314,6ff25447-95bd-4fe8-aa84-563f1af48007
315,9611c03e-0ebc-4034-af7d-0dda91aeacb4
316,d74ef38d-3774-4035-b0f1-e558efbb650e
317,e4be0738-e4f7-4315-925e-30209e1043d8
318,99c0d757-2e41-4014-b7c6-28cae5d32465
319,3c1d28ab-8942-40a3-8dfb-4928bf1efe93
320,8ac4f1b5-1ae6-4884-982e-e351ad00084d
321,40ad75b0-6966-4344-bd0c-f34bb2e6af7a
322,5fd2d3dc-0f03-4319-a889-182b07f7f057
323,58ec60ef-9ea2-42dc-b00e-4592fdbc0c8b
324,b97be721-f076-4873-98c6-2e30ece335c3
325,c953df5c-fdf4-4efe-b939-9916898dc56f
326,6b1adf8b-a28b-4667-8256-f2abb228951f
327,2d390dcf-85fc-40cd-be0a-125b7a7322b8
328,FR-18008901306731-2017-01-31-02
329,a2b9b43b-de61-4b54-8f87-c752aa861128
330,f314c94f-1a46-4a2b-b7fa-1884ec5bd385
331,5ddd6623-f4bd-4e9e-9fa6-4c70adb546cc
332,62363a5e-f236-4cf9-b799-361ee002c975
333,164bb5d6-6259-4c5f-a59a-5f56aea116d9
334,1d363a6b-9349-44ee-826b-e5d5b2c1994d
335,f87a76c9-d519-4e86-a377-d53084f3c6f8
336,FR-18008901306731-2017-10-17-02
337,48b5fb41-d775-4d10-a45a-a6f06b05e622
338,9d752858-3856-4585-8c87-b3590adedbb5
339,4aefc475-7b35-4790-9943-445ff5b2db8e
340,e2472804-0ef1-4365-b1d6-b2b060f954b2
341,560d0c50-0f0a-4ecf-90be-f03e39938310
342,0c17cec1-4c95-4341-ae93-b989f39c520c
343,37d844a5-2b29-410e-bc3d-75c3c92d69bd
344,80ce654b-46ec-4450-87e2-1c097b89f3b0
345,4f619ace-1b9d-4de0-b17d-e856cb836bcf
346,ZAEU-10-48579-PRO-CV9NXC
347,a737672d-8711-4bca-a1cf-009842e4dc10
348,437a6a0c-64db-42be-80bb-1f61d07fb5b7
349,e7668d52-3ce9-464d-8346-fe9012fdf50a
350,3e59e077-1703-4b1c-82da-f6d6985b5622
351,47dfcda4-fffc-4615-bf0c-5c52b8aa2e1b
352,82527ef6-cf7b-4b29-9904-76a0e026ecac
353,8d5fb6e3-13a2-46a2-9446-5dc6f0467e1a
354,3008afc0-1937-420c-8df2-694514c728a9
355,8bbc453a-999f-45c1-b14d-7a382812324d
356,9b0b28b7-d756-403a-b115-75d37014210e
357,EDF-AERMC-AinBarrages-2
358,EDF-AERMC-AinBarrages-1
359,d6e41533-8fe3-489a-8dad-19ba73a5ec47
360,41236c28-1a92-459e-b3f8-ad69be018c71
361,FR-130005454-201809241230-1978_Orthophoto_LIVE_0m3_EMS_CC48
362,a2618fdf-ea6e-43ad-b93c-e67279c59ac1
363,d8b18c6c-e2a3-4571-b62a-e7e84e5a5b95
364,d9418c43-1a1d-47c0-9cd8-bc8739b84c46
365,911d1dbc-92cb-4320-a4ea-2687c1a81e62
366,de13b338-5034-4ec1-8d49-e9daac1c9619
367,9565bdac-19b1-4c4c-8e7f-a446f38fbdcb
368,bdec305c-217d-4051-9686-60e9f88d2db0
369,ed473484-ce9f-4a5a-8972-9d6252649d9c
370,48f96fd4-f9f3-4b3e-a2ea-b208ee2677ff
371,5b724ac6-8e1c-4ce1-ab24-36ca5db42c48
372,ce83cb94-288e-465b-9930-09a44603fcf5
373,c29ffb0c-b932-48a2-b5ff-bec0c7bd3c72
374,7816b504-849d-4218-8e22-d398e9ce39c6
375,ea74422e-1951-4648-86ea-b0e4fdad57fa
376,360d7e8b-7feb-4b7e-b6bb-ccc0c2b362b5
377,2bdc76ee-2ecf-4f01-b5f6-bbec79ae0288
378,4a7d863c-f3ce-4806-ac7c-77f1db57cec3
379,6c124dd2-9aad-4db6-85b2-0ec03003fb37
380,a5c811a9-f857-465b-a1c2-5cec214effeb
381,0cf692f9-e8f4-4fef-af34-71812641971b
382,618b46ca-2a42-42a7-bccc-eda3f4de39ab
383,3052519c-e618-4f2c-aa6b-5e518ecd6718
384,38031223-aaf7-4138-b46d-a99ccdf95ff4
385,e834d054-aa54-4632-86ea-e86abd41e0d8
386,dd65b773-c40b-4e97-b453-c3dc47bd590f
387,00a487ec-b018-4e21-9838-e58f45b01e35
388,d052079c-5270-4150-89d2-0d26f42af717
389,b338eb7a-ef50-4335-b298-cd63425c44fe
390,07db12c7-e863-4826-a295-8c2656c13b68
391,cbb9e174-f697-41b5-a1b2-fcddd9b84e8b
392,e4efaed2-fda4-4822-a3c1-af2b88e2c770
393,e348c539-e0a6-4504-b285-9d88c94123d8
394,0aee8e10-cb52-405c-997d-a3028253ce1b
395,c06ab074-e753-4e06-b4a9-f3065bc73a9d
396,46cb12df-9f47-4c98-9e83-e2b058115642
397,2fcd3144-dbad-42fd-a493-783aa7931919
398,849dc895-1594-4c38-b376-ffdae7dbe5ba
399,20ed0a73-1020-40e6-870d-baf5309c7c71
400,05a4d466-ec22-4b5f-8207-e7b5e029f62b
401,FR-18008901306731-2021-07-21-02
402,2a88dd8b-6f99-44f1-a0fd-b962be0ecccf
403,b1ba7463-e944-4e31-9ca7-5d2c64f7a214
404,20d863cb-4c8a-4a9f-829c-c0a044bac3cb
405,86168371-d1f9-4620-840e-20e49196dc0f
406,f953b614-d036-4ee5-a89b-0634ac57c212
407,3fac6600-a615-4174-a0cf-57cbbb89ad40
408,c5003eca-4df3-4357-83c4-d1a517a12f62
409,55aceb19-25c1-48b9-8a34-ba0448e20c4c
410,03232d37-e1a9-4aff-bab3-08ab98dccc0c
411,FR-18008901306731-2017-02-08-03
412,885477dc-dd50-4bc1-a8df-85f20006f7c0
413,5d638060-4ce5-48d5-905c-674be4166b8e
414,4abf2493-6893-4a97-98ae-a543d4129d8e
415,c56180f1-bd95-4193-a0a7-b9f820eb06ab
416,663ef0ea-6bda-4609-8563-d61da0fb9d3a
417,2fd67411-405c-404e-a977-d5241aeb5534
418,b8aae6b6-ef17-4d13-a251-2f4a65c70856
419,8ec0631d-3304-4f25-bf84-0fb500e2436b
420,082b8bc5-b569-4b17-ab1d-eb6524520966
421,df5762b0-9d3f-416c-8d1c-4d0f0d2845a5
422,b01861cd-465f-4b7d-a532-97bcc24eef87
423,0ffce4ec-d1e9-41d5-99fc-e91cf83e1eb3
424,9f31eb31-105a-4a71-a6bf-f23de1360c85
425,c7c69a41-d9d0-4d0d-bb80-13ad6c32ec40
426,a524d0f7-cba4-4988-bd59-930154532778
427,cf2c0457-c0b5-47dd-84fa-5fd88d86d555
428,764ba08f-3059-4d98-a21b-199040ee30b8
429,6f5e1fb7-c38f-47c1-8269-1e7d4ab90129
430,7ba2492b-8777-4c3e-a405-d89e4bb1dd67
431,006f3f67-c892-4949-b091-c5e07d15db23
432,15171bfb-1318-43ca-b8e0-feb2a0b6d681
433,6612df5c-b941-4ef0-b9a4-762acc7d953d
434,d6f97567-15f2-4492-b365-48c38cf9f751
435,35058a37-7033-4ec1-acb4-79c9c7b9fb2f
436,f2cab667-d6fe-4a83-b680-46dba164e852
437,a2082c03-c98c-4ce8-ba9b-2af86aeeb15c
438,26f6307c-cc36-47b5-aa73-2faebaf6d6b9
439,b841be43-9302-4286-9f0c-c27d7613032c
440,8bfd35fb-4438-4c57-8af6-79366bebe197
441,6c48e2b8-70d1-4964-8b9f-5b24dc95b173
442,f6c60c9a-19ca-42dd-849e-b85de91400e7
443,737bdab1-feb3-4c76-8408-769e457a7b75
444,93876f8a-5d7f-4bb9-a825-81cbd79e93c2
445,8165eb18-a2fd-488a-82ed-2198d68ff005
446,e6f0a0ee-0830-41c1-8c9f-ed32b951344f
447,a97e2214-0c22-4a39-bb53-37ac0e448031
448,FR-130005457-201808290955-1838_ScanHisto_LIVE_Rohrschollen_L1
449,db1e7df4-198b-40a1-a9d2-7dd734987037
450,41f42dd4-a5bc-48c4-a7a7-ab3de0fa035e
451,38c22c28-c800-4931-8933-d041b11b7540
452,418b0f2e-52a4-4e54-b617-6c54ddd31ad2
453,402ead01-0280-4572-8452-ea544f25af9e
454,e8fc32c9-338a-4b63-ab7a-d299bff1734b
455,0c4b1cab-fcdb-4120-b7b4-e616c87c6d76
456,ce4ed271-cae4-4c99-b6be-63227eb6129f
457,5a342d4e-6107-48d5-8f2c-7902faff7e32
458,f4389663-08dd-4ea2-99fa-b1d40fd72f66
459,b586fed9-deee-48e2-af08-5b191b9be19f
460,98c5ff29-b61e-4987-91be-0279fff4b489
461,06174493-33bd-427e-94b2-d97cead3f427
462,07874834-5d3f-4787-bf3a-bf04994e1aa6
463,f882b744-a13e-44a1-8029-ce1e048d6af1
464,info:doi:10.24396%2FORDAR-6
465,info:doi:10.24396%2FORDAR-5
466,info:doi:10.24396%2FORDAR-8
467,022587f3-e202-48c7-a1fd-e2967b8f585e
468,info:doi:10.24396%2FORDAR-7
469,1c0da30c-8fba-420d-889a-4e521ff4b529
470,fc8628ee-1c0b-476c-b4d2-fd9ae6f549c5
471,11502b5f-1ec1-427a-919a-7497258ffea4
472,9371f66f-7ce4-40f2-892f-25de95f79dd2
473,9a58dcce-7dab-406f-82d8-30ee04308ee4
474,b4b041f0-3243-429c-86d0-927578ff77db
475,2e7a19be-ee2b-4f13-bafa-fb3c5537bc2b
476,57a1c43e-6672-4ff4-9b0a-419d20c24c5a
477,0a4e8b56-e229-4b6e-8554-249e59cd3c5a
478,a2f0b969-a5ef-4fc3-a8a0-a6fc01f65b6f
479,FR-13002091000019-2023-03-07
480,PL-Bassee-2010
481,FR-18008901306731-2016-09-12
482,aa8699b4-6e89-499d-8ccb-85dcfe67038b
483,dcfdb6af-22d1-420a-928b-1ca31f93cf68
484,a4be468e-aaef-4079-934b-6d760c269c96
485,a2ae9724-ad18-4fad-aa9f-3f5c400f9198
486,4d2f2a4b-d2ad-4e87-8dc1-92db2a82557e
487,6e8c5251-d2d3-4937-a14b-cf8104f56a63
488,487152a8-4e4e-4ea3-82e5-53c2c6cb3a0d
489,16d90fe0-14b3-4284-a4d3-e2cd613f18dd
490,954db734-a801-4f4e-a0a2-4982650d8f71
491,c3ecac97-a4fa-463a-a88e-14da8b5cf3a2
492,ZATU_d1468c18-2ed9-11e9-a271-71a2a9a47952
493,d3616b99-87aa-4d36-8b0a-303f94cd5d7b
494,info:doi:10.24396%2FORDAR-128
495,FR-18008901306731-2017-02-27
496,FR-18008901306731-2016-09-06
497,0bd5f4ec-3436-41f2-8921-b7092df81c84
498,FR-18008901306731-2016-09-09
499,d34a4560-887f-463d-b24f-a38333973c5a
500,ZATU_c6b330da-2ed9-11e9-a271-71a2a9a47952
501,FR-18008901306731-2016-09-07
502,f7309c60-a7c4-4a13-9725-a2d726854ae9
503,ed33eff7-a125-4d4e-8395-47ff4197ce01
504,c18be844-7de8-4222-b18a-ff4b99dbc6ce
505,512e7cef-4e26-4548-a4f8-a5910cbe6936
506,33c3440c-7448-4c06-83d8-76f88d06e502
507,e26eac09-24a6-4189-8187-5c0d077da2f4
508,info:doi:10.24396%2FORDAR-139
509,32ebc857-ba92-4bc4-8e62-7a8cb41e62e2
510,483754e3-4dae-4371-be07-dfc65fa83ad1
511,415fb6d8-a135-4971-84ca-30039fff500c
512,085f7a15-a78c-4ffb-acde-ca77728bfc26
513,b1847b59-259b-48cc-8c41-eeb0d189fc45
514,FR-18008901306731-2017-02-17-04
515,FR-18008901306731-2017-02-17-02
516,6a2ff8fa-957a-42e8-9eb4-b845587d8366
517,bb71ae95-db48-4d5c-bb24-714ae71ef5ab
518,31e3e9db-7456-43af-b7e4-5101ae256537
519,FR-130005457-201808290955-1828_Carte_LIVE_Rohrschollen_L1
520,f6f98b57-735d-40c9-bb39-f82f5b531c65
521,e5a901bd-7259-4ae1-bebc-861d7d25d836
522,65092007-e001-44c4-8d67-11147d9bdb26
523,d5b6d656-db22-45d4-890b-c94e758d21d2
524,info:doi:10.24396%2FORDAR-143
525,FR-18008901306731-2017-02-07
526,0bf4ff07-8b2d-469d-8566-646038ea5322
527,FR-18008901306731-2017-02-09
528,4902da10-4d2c-4b4b-bc39-9e59003bc6ef
529,cb8dab7b-5fdc-4f11-b530-4f4eacc70b0c
530,FR-18008901306731-2017-02-03
531,FR-18008901306731-2017-02-06
532,fa78a89e-5c0c-4d2e-840d-17372a6e7bf6
533,23ccf578-4d7a-407e-a98d-5fdfcd834b2d
534,086d5867-0193-491a-a069-ad29bad72094
535,29ad8c58-0076-48d8-ac1d-c1138be10ad6
536,a4a29c50-fc41-4a08-abff-5ddb76b26a2d
537,FR-130005457-201808290955-1949_Carte_LIVE_Rohrschollen_L1
538,7a101474-7eb6-47aa-a7a8-8eef563b5133
539,788052ba-d826-4ad9-a5ad-032c069822fb
540,c7541d51-700a-40f2-8d58-26a426486ab6
541,e5ed0cbe-dc47-4195-b214-7861ee33ecc9
542,49184031-eb3b-470f-8f70-c9d926989149
543,40033ae2-ff5c-4dbf-9336-7818fb2850f9
544,FR-18008901306731-2016-09-07-02
545,db9a10bd-d73f-4c81-9f47-8660741bb4f0
546,FR-18008901306731-2017-02-15
547,c32a02ea-c2bc-41ef-b174-fa9f420f4868
548,FR-18008901306731-2017-02-17
549,54e82839-ca0a-4217-bfa0-1598e2cf5c5c
550,FR-18008901306731-2017-02-16
551,FR-18008901306731-2017-02-10
552,88d83409-a36a-4fdd-ba45-7b6dbbd70d09
553,fc048189-9e6f-41f5-bfd3-f5820e155262
554,aef84a90-93dc-4505-81f7-f0ca1f6e747a
555,8b5ae543-a3e1-4db4-b685-74f30f228992
556,4776f648-5f26-4b0d-ad91-a5c7c099416f
557,024b14b0-463e-4f7e-a854-e6f358fe600f
558,ebffa9d2-b278-4210-8d1a-b10a74569c29
559,680cd4d4-280b-4990-8940-2a2649f71974
560,437fd223-b80a-470b-bc86-7e9a7ac7747c
561,FR-18008901300700-CEBC-2018_carabe_agripop_ZAPlaineVal2Sevre
562,c87e946e-0b83-4f7f-8e55-676c4e03ec25
563,cd141382-b749-4eb0-8189-6c0a9283bfe9
564,2bd20461-eec5-48a2-9a1a-b4af8fa317bb
565,FR-18008901306731-2016-02-15
566,d25ec7b8-16d3-47bf-92ed-2cb85a6c53a5
567,50aa967e-8ba5-4a5c-b4a2-5137d6ec69af
568,c2da7f32-9dd6-4f80-92ec-cf3479273621
569,be72022f-f197-4194-9199-3d10cbc04118
570,8e38ae94-f98d-4705-9da7-743f05b4a577
571,c807b4c9-7680-4882-9eed-bda2ea3dc7c2
572,FR-18008901306731-2016-02-01
573,47f50a5a-1b57-44e3-9aca-b1d9db6f358a
574,09d94cb7-7ac7-41e4-9576-e8fb27036513
575,20c2f9e3-1845-409a-85f0-0efd74dea7e3
576,FR-18008901306731-2017-01-13-02
577,21939e5a-ad12-4134-8d97-124c5fe59f19
578,b87059fe-7364-4a71-89ad-1142a8f67c27
579,ZATU_c56f51e0-2ed9-11e9-a271-71a2a9a47952
580,FR-18008901306731-2016-02-09
581,89dc9b14-0596-40cd-8aaf-8064e18ae66f
582,07d7f0fc-fc07-465d-ae21-e91eee370cb7
583,50f8ee05-7caa-4ea8-aad1-4ee9bf240cb4
584,66370475-cb1f-47ae-bee7-21ebc0bec73d
585,f7240299-426f-4857-ae58-a293afc08d5f
586,b86a9711-373d-4e5c-9450-adf2531edfa3
587,22a1c3ca-73da-4a3e-963d-586d8e52342b
588,2fd6f861-c366-4df9-83f1-7b8a32d7528e
589,5922f8f8-a31b-412a-9265-309d9c60974a
590,7b53ca84-b76c-473b-a33b-447ea31d23bf
591,fb5efc8f-75da-430e-a6aa-627e066757fd
592,ab1e6ea9-f3a3-481a-9c92-e3e90d01aad1
593,21cf1f42-649b-4b3e-99b7-43ac4ea73563
594,aeac7514-3b66-4d95-9eac-793f53b2f5f5
595,5568cf4e-5806-496c-838c-fce59b18b26b
596,555a2206-cb62-4ec7-8f27-1b3f69f97c10
597,5638d563-1c33-46af-bbf9-7a2d5354d27a
598,FR-18008901306731-2017-01-25-06
599,FR-18008901306731-2017-01-25-04
600,FR-18008901306731-2017-01-25-05
601,FR-18008901306731-2016-12-29-05
602,FR-18008901306731-2017-01-25-02
603,FR-18008901306731-2017-01-25-03
604,087c0c24-9d42-4874-9eae-4942d1d023e2
605,09e301ba-5762-4eaf-874f-d4a3ed5c6bf2
606,a4f97ecb-b823-4475-94c7-ddd1c5f1e69e
607,info:doi:10.24396%2FORDAR-112
608,UMR-OSR-toitgalets
609,babff4e2-0433-4b1c-bd74-a6722502c8da
610,FR-18008901306731-2016-12-29-02
611,info:doi:10.24396%2FORDAR-110
612,e570f1e3-abad-4f66-b92c-88ee5f4716c2
613,info:doi:10.24396%2FORDAR-116
614,info:doi:10.24396%2FORDAR-115
615,info:doi:10.24396%2FORDAR-114
616,info:doi:10.24396%2FORDAR-113
617,f6c38dd2-90d2-4274-a18a-9ff324fac339
618,56b1b9db-f632-4553-845d-50302efdc719
619,e3b31707-af13-45a0-ac27-f46ae2cc9604
620,info:doi:10.24396%2FORDAR-119
621,FR-13002091000019-2022-11-21
622,7a48add1-ac96-4d4d-9144-32443f68a9d6
623,8945c4b9-6d05-45bf-8b09-887aecb017d0
624,22bbb14a-34f8-4982-87db-577c887d9d50
625,b6fbc049-07c2-487e-a804-ebb454bf1c0c
626,4d215f75-e83f-48fa-a574-297c1e0e8d38
627,17634003-6cb8-43a8-9598-b8125636cdc3
628,ada8a729-1009-479f-abaa-c60f7112a7b0
629,187d0569-596c-4625-868d-e208158b161a
630,2bdadea7-cc71-4ba8-ae28-457da792fe2d
631,6ee2a9be-2a41-4b20-b682-16de61b24f03
632,23d8e7dd-41ae-417f-bc7c-44174ae88ece
633,3a11852c-faa1-400f-a21f-7b2585f646cb
634,d3b734f6-ef02-4e96-a881-1f62305b40d2
635,f7f9516b-6292-477f-87da-dafbd3181b25
636,47d6513e-2321-4c10-964b-003b39faa1f7
637,4e69fd44-ae18-4f50-a622-4b3d6b9cfb5b
638,edfe7a45-d84f-4734-8f01-3204423e1575
639,b857b476-45b6-4c8c-9d79-1d13a1ade472
640,870903a7-3b9c-4d1a-9f09-073e092b8875
641,47febfcf-f714-4aef-a03c-3d6924c79ec7
642,884b1fec-b54e-4ad8-b20c-598e35c4d4c0
643,0f15ad35-b261-410b-98d8-1a3ae1b8560d
644,7c6b087e-57ad-4662-88dd-dba46bc02420
645,f5e087cd-d165-434b-b5d1-af7f7e2a5008
646,d51e2280-03cf-4ab7-b662-e092dc1bbaa9
647,e6237cbf-17df-4ff1-9276-a26e2914c88e
648,01cca9fa-0cda-4d52-bdfb-cc709cceae80
649,14e3ab47-e610-4d7d-91e2-1243bf7dfec5
650,b4feb322-a1b4-4fc2-b367-1697bfdaeaf2
651,404c5eb3-82d7-4ba5-b785-1a388fa0c804
652,249979da-eddd-498c-94df-8272ee3dbcc4
653,241d1e88-856b-4403-8cc5-209f10e938ef
654,e638976a-9759-488e-b2b7-5dce1176542b
655,584b2434-e655-41c4-b0d7-dcda158cda4b
656,427b9a8d-551c-4331-98d8-7317edae360c
657,c5707567-5728-45b9-a13c-a5e1f55a983c
658,884db35b-760a-4e25-a329-b0e5bbfe0e9b
659,724ea544-85da-4541-b9ac-cc2f49919b56
660,e404372c-ec1f-4e5b-b65a-581a8ce35d9e
661,8a2c4b11-db06-47e6-ba50-321eb3dd63ac
662,FR-130005454-201809241150-1964_Orthophoto_LIVE_0m2_EMS_CC48
663,ZATU_cc01bd7c-2ed9-11e9-a271-71a2a9a47952
664,51925e41-a854-4a6a-bb2b-7d7099f9473d
665,a84d4827-197a-4597-851c-1a1d7ccd98db
666,2b798da8-11d6-4d06-9da8-f78ed6afbb74
667,fae32c57-0435-49cd-a39e-f74bac0222c4
668,1e873fb2-8444-4a18-9f3b-45a65ac88770
669,ce257026-f688-49ef-97fa-086315879aca
670,81a4974e-7c40-4068-8927-542f987cf31c
671,902ba7a3-4eb9-48bc-838e-e27603db9732
672,0225cd26-915c-407e-857d-5fd2b229e569
673,e4db8e1c-e5f1-4fad-9797-c3923e2215ae
674,8f293516-8215-4ae2-b09c-278047c7446a
675,f1de8266-6099-40d6-83c5-f40eb676e9d2
676,FR-18008901306731-2017-09-19
677,a5b2f9c4-feee-48fd-bceb-4ee12745c49a
678,1444cc54-42e9-488f-890b-6ac617385127
679,FR-130005457-201808290955-1838_OCS_LIVE_Rohrschollen_L1
680,0d52405a-385f-48dc-b30d-86250512ced9
681,28e59e98-6161-4312-b5ff-c191e7f6c558
682,FR-18008901306731-2017-02-09-03
683,FR-18008901306731-2017-02-09-04
684,948c77f8-a62e-4d90-a1ae-3075b0f3415e
685,FR-18008901306731-2017-02-09-07
686,FR-18008901306731-2017-02-09-05
687,FR-18008901306731-2017-09-11
688,FR-18008901306731-2017-02-09-06
689,8aba5cc6-da1e-41e3-859c-8f2b592f8bc1
690,FR-18008901306731-2017-02-10-03
691,fb1e32ae-af4f-4262-bafa-9852f9fe68d1
692,FR-18008901306731-2017-02-10-04
693,FR-18008901306731-2017-02-10-05
694,c1799f34-7294-41ac-974c-2c463c0a9df8
695,FR-18008901306731-2017-02-10-06
696,FR-18008901306731-2017-02-10-02
697,4f850d37-ba3a-4a04-b466-1afdf94f9aa6
698,50036002-6c42-45b8-b3f0-59ab3be57533
699,c641662a-feaf-47c0-b29f-3b9c6e58095d
700,23b0a0b5-3fdf-4a5a-9cfb-44571abfd3f7
701,ZATU_c42d6614-2ed9-11e9-a271-71a2a9a47952
702,4a0b480b-a5ad-4d0e-9a82-84767e6b22c7
703,7360f23d-ddd0-4792-b0db-93e219e42ee8
704,0a2128c2-4af2-48a8-ad4e-450a0c3fe175
705,aaf9ee9a-e521-4997-8b50-6cb06db50d13
706,cfdba2cc-d611-4c13-a514-6fe3a2a40054
707,3e50af4d-0d49-41e7-b444-43a04048567c
708,493497e0-2332-4cdb-8d0f-22536d8bd790
709,51cd994e-cc5e-4fe6-8d37-514609d5b029
710,c00a0e07-0e41-44a3-af80-333fcec3e791
711,aac7bd7e-dc60-49d3-9e47-ba1422627b6e
712,f8579ec5-975b-4a79-bbb8-58c217aa438b
713,FR-18008901306731-2017-02-10-07
714,FR-18008901306731-2017-02-10-09
715,959a0db0-5642-474b-937d-2be5445f253f
716,4eaef890-0cf3-4d5a-9384-303585dd051d
717,fe34825d-d93d-442b-8ac2-46fc7002cee2
718,22eafd1e-d5a7-4a3c-bc49-4bf13dbd9ec0
719,4a64caba-a374-45ca-9153-43f8abd53d6c
720,74417e3f-33c3-4594-8e21-bf396b938b1f
721,3e4c7567-cff4-4232-9343-90b2682d1ca0
722,84227c50-ceeb-48fb-9de1-e73db29107e3
723,282a8777-7e96-49c7-8e81-7e7b31ee1095
724,12a13446-cb2d-48fd-b2ae-dbd1c96bf8e6
725,5c248cc2-8f74-4d47-8eab-ef1c7dd9f192
726,a9be9a58-858f-4917-a608-2317d6119cef
727,16b10a26-d8dd-49fd-bb24-77dca3b0bbb7
728,d44ab5ad-0688-43c5-b245-74d86891dde3
729,4850372f-5fd6-47ed-9246-1794c4d0e243
730,9e43885f-064f-4f50-8bc4-10ac9d26bc17
731,d6c6f6a3-e005-4756-98f2-4937dd05921f
732,c87dac6e-7b0b-447e-b4aa-da27afa6660a
733,afbb07df-747b-45a6-a48d-4581f5bfe200
734,960fe8c2-2ea8-4e83-bfdd-53cfa3541ed5
735,f2a16b73-c578-47a2-bfdd-ff7726928324
736,31ae7a4f-3dc4-425b-846f-1ea9e154a230
737,2282fd2e-c132-4870-ba65-8b660bb4681d
738,99f3f3ac-01e9-4f7c-9b19-5cbfdcd7e3c7
739,a3c269ba-8b6f-46f4-b044-73ce79dd1a79
740,46eda291-0e84-40c7-90f1-7e79320ae58f
741,MUZ_EDYTEM_chemistry_PCB_2014-2015
742,47b2d0cd-3c5b-4c0f-8d1a-e63b82b214a2
743,FR-18008901306731-2020-11-12-02
744,FR-130005457-201808290955-1838_Carte_LIVE_Rohrschollen_L1
745,aca361df-3100-4b47-aa06-40037d71ba21
746,3471dc01-c88b-43dd-9f0d-820643700d6b
747,693aa4f5-6fbf-4e25-9f95-9b1ff2d66314
748,9f534763-136c-4456-af79-b304d53b5576
749,ZATU_c93ba1de-2ed9-11e9-a271-71a2a9a47952
750,611dbb61-fb95-4858-a038-0c53a6759027
751,2bd84ebb-9959-4e39-b0af-965f343aa6a0
752,0401bdb2-f771-4b09-a6ef-1acf9190b7de
753,df66c44c-d1f8-4edc-a046-8d9ed3e367cc
754,FR-18008901300700-CEBC-2016_assolement_anonyme_noncouvrant_2016_ZAPlaineVal2Sevre
755,a259cadf-04d3-49b2-9627-ae42f31b68e1
756,bb7ed472-509e-4f8b-8353-60a4abb75445
757,66e2ccf9-50ea-4564-8c9b-f1e66bedfc98
758,719ed883-e6f4-4bf3-b4e6-53d5caefeb6a
759,5032d00a-0b18-401c-a615-f0b146e94618
760,a9b0a67c-4fd0-4f8f-a9b3-2941a7195145
761,09878e7a-b823-4697-b2f9-3cb5163b6490
762,f885ebcb-a399-4c3d-a75b-38974a10dc78
763,FR-18008901306731-2020-08-28
764,b5824efb-5f2c-4c59-8748-fc47be7da801
765,112ebeea-e79c-422c-8a43-a5a8323b446b
766,09010a35-f604-4669-a516-6eebf27b9fe8
767,ea665b7d-80b5-4da8-a18a-f02c524c0dee
768,8604502f-4d7b-4a4e-be3b-5f2f5f18e1f2
769,4f3765b5-eee5-470f-b885-ec0664bdf4cc
770,0bc09c85-6eac-4abc-a3d8-3a469f620c1f
771,FR-130005457-201808290955-1778_OCS_LIVE_Rohrschollen_L1
772,5a32f9b9-c9cc-4c73-9ec3-0e64454f7cab
773,6f41003b-cb2c-477f-8d80-866e4882fc5b
774,b1bc1acf-bbe2-4142-8951-f5cc64b35be4
775,e6572022-30ba-459c-9938-b3fddc13fb18
776,e5a884c5-1be4-4aac-9954-354d9f3eb676
777,4ab261ea-9902-43e2-bfb9-6c19c2b803cc
778,FR-18008901306731-2015-03-08-02
779,3346562e-8a76-4832-aa4d-3ee01023a666
780,a4edfe6c-fc97-4424-b41b-02c27db16d83
781,8f22f05e-6b83-4fe7-9b32-020c6e6c6c50
782,b58ad867-1713-450a-b29e-e2b476ac4165
783,aee0262c-91f6-46da-be07-abdc9732f36c
784,dataset_test_sigma
785,4f7bbd0b-6ed1-4958-8644-cf4b1acde539
786,bf7515db-b7b3-4b9e-b541-341d02ea737d
787,78a83ea3-4a19-4277-85eb-fb9ed1472e14
788,faf33b05-9b65-49a3-87ae-192b3ae202a7
789,79132dfd-597d-48fa-a07d-923e72d59249
790,91aa1ad6-e82d-4a1f-97f9-1ce85e8be60a
791,17f24ca3-c429-4812-af30-423486c6b61d
792,753857a1-1f3f-49bd-a188-26a62642d282
793,57573777-53cb-4eb8-9464-a27fb844d819
794,fabc1f4f-26fd-403b-915c-ae43f4f449c0
795,ed804f93-fa42-47bb-86d7-9a9a94f5dac6
796,07721654-a282-4209-91fc-d99dc457322d
797,acd48a65-fd30-4805-933f-3a9b47771078
798,1f4331fb-9095-4c14-b925-ccdbefc13dff
799,FR-18008901306731-2019-05-09
800,FR-18008901306731-2018-05-16
801,559642a3-effb-4f04-9da9-9e5b7fa0ba2f
802,FR-18008901300700-CEBC-2016_haies_ZAPlaineVal2Sevre
803,6d0086fc-797e-4f02-ad5d-896d0864766f
804,1c1f8aa7-2f66-48af-80aa-7ae00c1bfa4a
805,383d0526-f703-4910-85e9-f145f80e3b0f
806,8c8bcf2e-b3e5-4c45-a836-c357cefa3a53
807,09c490c8-c59f-4898-9464-2c101bec1d2d
808,7ed38efa-0b20-4d89-8fdd-8a865293eb53
809,4cfc5f10-3e82-4b81-b38c-92a95bb0b233
810,bab1f9f2-fee7-4421-a139-47b7b3c5b1d9
811,c922f4f8-c234-4280-b7cd-4ea1693765b1
812,a976657f-785d-4490-865d-cc8b23e935b4
813,c2629565-3267-4a04-859f-6519b8c62daf
814,72be6a49-3a56-4eb8-b429-b9d03b7f82a9
815,FR-18008901306731-2019-05-10
816,53e3cb74-104a-48bd-b9b7-a9d17c7d1a26
817,5caae9fc-03eb-4278-88ac-9870535f2f34
818,b9acc0e4-9b7b-4b95-a43d-11a448a5435d
819,my-metadata-identifier
820,b81beaf7-43f4-4a77-8e71-de38424e33f7
821,FR-18008901306731-2022-04-01
822,a9f2d2f8-811a-4f15-bf41-25bd2e77af79
823,79f3aea7-804b-45a1-9a65-df423174b928
824,7617adcc-4287-4cb3-89f5-87ecc5275080
825,FR-13002091000019-2023-04-13-02
826,896a4591-c993-4664-8658-98872f639693
827,f95ea335-1dfc-421d-b71f-da5486d9fc88
828,b37ba3ce-60ad-49bc-99d5-113618839fa6
829,FR-18008901300700-CEBC-2018_criquet_agripop_ZAPlaineVal2Sevre
830,ee88c31c-2bfc-44b3-95aa-8cdafb05c83f
831,776b935f-6877-49a8-88e6-0818b1d724fd
832,72728c84-e899-4ec8-9d00-d23838d613f8
833,338c52a8-c288-482a-a91a-bfea23b09ec9
834,c4d2de1d-b0c1-4201-aace-bf72b7f94968
835,370cdcd3-8fad-43c7-b021-2a1a1a42f0ab
836,9ea87568-0d20-4a24-ad7b-3357b65b8433
837,e6577e19-2af3-46b4-beb2-d2b5dd82e919
838,88e675aa-0ff8-4f77-8d4c-df9035d504d0
839,c079b65d-f03d-4eba-96cd-a13fe50bbbde
840,b12bb665-b63f-4037-a8d8-469eba061144
841,532888ef-7aae-4614-ae33-46972b38bb7e
842,a413f831-1724-47f5-8108-008f6b8e4307
843,2b9977bc-5363-4bff-82e2-e6fa8a6be77c
844,cf0ff5cb-bb68-4083-87b3-31bc92d817f6
845,FR-18008901306731-2017-03-10-03
846,1e723b6d-5284-408e-a8fb-fc79cd4be310
847,c89ba8c8-aff6-49ac-a120-682872cf4a86
848,87222542-80d3-4326-9957-2108c8e225e6
849,446364ae-bc9d-4f9c-b865-cf3502833000
850,1ef5f4b8-7732-4687-b206-3dfe99785a84
851,75eae408-418d-4bb7-b379-0ba77ba50eb8
852,367ce1f0-4f15-4614-8f12-34f25a9a41da
853,7013d4b5-a76a-402b-8c22-d2f512d4e7ab
854,b493f4d1-faa6-4a1b-a5c6-6b2773845afa
855,7a74b39d-560d-487c-8182-1addc1df0226
856,116426db-c8c9-4534-a0bd-95c41640dc18
857,48e425ce-c1d8-4823-a0c2-a26f57933d72
858,adee4652-c0f2-42bd-aa4c-ac534191fbf8
859,c34f8a48-af6d-49ec-abf2-8fe5d786b68c
860,fb1d65c8-2d38-481b-afd2-06623a3c23f3
861,10085eaf-9fde-41c9-a228-9c8dab1f774b
862,ee821576-0395-4851-b980-297367a499b2
863,91be85bf-d7ee-4333-a866-786b2f152af8
864,FR-130005457-201808290955-1949_Orthophoto_LIVE_Rohrschollen_L1
865,4f3ffac4-40de-4971-9152-98e758bc0377
866,de8ffec0-bb92-4784-8fa5-bd9dab341d25
867,24a136fc-5935-4424-8198-0f23daf2eaeb
868,29738937-3564-41f7-ba97-bab2707301ec
869,145e6a29-ff88-4a0e-b9fc-2f4964bd47fd
870,04a3dd77-a5d7-4526-b1ca-41c0ae5819fa
871,a322638b-acc9-4fc3-8c26-8273e54a189f
872,0459f493-44d0-4f62-9565-8feeb31c1520
873,b51fa0b1-f40e-418c-9a85-2d6c22fc46b5
874,7d02932e-9ecb-4143-9c2b-71390af27ea4
875,75685681-1602-46b1-9480-788f9a26c0e3
876,9dbb4bf7-3556-4f72-8232-7f0f22f36cd7
877,d67157ee-27d2-4660-a451-8afc343db123
878,7c1a3ee4-85fd-479f-bfd9-21791779120f
879,9b19fbf4-2839-4636-9375-526c0b067301
880,2d3604f2-9404-49a5-9d93-0a7f4ba08f15
881,EDF-AERMC-AinLeProgres
882,12c4141e-2cdd-40a0-bf62-83ef3335f695
883,f3402fc4-17a6-4133-a3fc-6263acb4bb8e
884,f63177c4-706a-4977-acfb-d9a31352152f
885,fb9c94c0-17ac-41ef-a1b4-9f5fb8460faa
886,43eae6a7-a21d-460e-bcc7-788a2819667b
887,FR-18008901306731-2016-05-26
888,ac6737b8-c9d4-4d2c-835d-7802c59d87f6
889,b4de3882-6b0b-460b-ac90-fdb60c5b07aa
890,a0ccdb95-10c7-4867-8089-f4e7515f45a7
891,95c6ad68-7e93-44e9-93c1-5053a3eb9761
892,705547
893,cffc8669-c0ad-421b-b711-f929f0a30e1a
894,ad6a0051-dd8d-4d47-8259-e309e25c11e8
895,212a1931-fdb7-4056-b45c-391f8dbb802b
896,bcb3a41e-1f31-44c4-aa60-ee2b3009ff10
897,3b5e88c2-e7e8-4aa6-9b34-17c7e31ae187
898,dataset_theia_ozcar_eenvir_21
899,15523907-40bf-4e1f-9a3d-2815614def6a
900,dc9bedcd-0f66-44b9-83dc-fabcee8ad457
901,1851b05d-a131-4191-a7b7-6083cee64d2a
902,9c460fb0-1a07-4f66-bb0c-8ca48306a085
903,027a9704-af19-4d6f-83c3-ad115944a87f
904,82e06866-948e-43b0-99eb-dad8bc93b302
905,9ca0ef97-26b3-4755-9d4c-49bd32cafb05
906,ed9359c3-5170-4369-9b74-8891c90c49e0
907,8a7c3af2-7d75-4abf-a5e0-fe8ca756c8d5
908,0af6bd79-96e9-445d-a619-9b433ee1c719
909,5f9a2c88-7d6b-4039-b740-e6f60f3acd3e
910,c2eea3b2-e8e4-4ccc-8a46-5cd077984835
911,3c96ee46-b84e-4fa8-840d-7d58628c46a1
912,10e87578-b09a-46d1-8a4d-2a8753869dfd
913,FR-130005457-201808290955-1872_OCS_LIVE_Rohrschollen_L1
914,72186eb5-4d91-42d6-ac7f-9d75854bce32
915,3508277b-3927-4ef5-ba02-846ff386263d
916,eb9993d9-f93a-490f-ae7e-3e15457c00fb
917,f8af4851-12c3-4f47-8831-13f895089994
918,b42627a2-1cda-4a8c-8ba9-0c7d35c1cb6e
919,f76a9444-3caf-455f-97cf-a7a943dc32f0
920,8aa264b2-6c21-449a-b1d5-b3c4211853cf
921,f5adcfce-3cda-4483-a222-568fa4be99d1
922,6ed0b1c6-95e9-4231-819f-b27b2b6ce0c9
923,9d9b88a3-370b-47a4-9df5-3b7fd60d5081
924,7284c933-038d-4018-ba71-a280f1fa20ae
925,ae0b6096-d17b-4130-927c-ac685e039935
926,f22b180f-7c22-430c-b854-62b39d18914f
927,5fc3f40e-233d-4265-ac21-418bbf6f705e
928,9f7d88d6-bea8-465e-9241-429dc73da984
929,c361a5b0-0d62-45f5-b3a3-84f901b89a5c
930,66af8795-29e0-40bb-bcc9-30902d330f90
931,FR-130005457-201808290955-1778_Carte_LIVE_Rohrschollen_L1
932,1b677edf-d6db-4466-9aa7-394dbd154550
933,ed7ec925-bbb0-4565-bcc6-0719adbc26f3
934,28943da8-693f-44fe-8ddf-0e6f6e9b8d59
935,2c0ca04e-4699-48f1-9412-2dbebf36bd2c
936,FR-13002091000019-2022-09-02
937,9309059d-dfa8-4b31-920f-86d8f6441fde
938,cef5a1b4-052d-472b-abf7-a39dcf77b3ba
939,87c6657c-f11f-4644-b589-93c7c7832182
940,cf566e83-6506-4b5e-9848-155826ab518f
941,4b4bcfd3-7645-49bc-a4dd-388886d5e779
942,5328a56b-70cb-4ade-96d2-b9077d9cb229
943,671f03a4-cb2d-408b-b9dd-a4097b745948
944,3db7a419-ae4b-4e3c-a1f1-1175de520788
945,c92690a3-b5a4-42b0-a91d-37f2c8233a47
946,cfc19d9c-9c71-4f4f-a9fe-6ccf041abb4e
947,c142a79b-21b9-4074-b044-233a91ee7b1d
948,c54edab8-f2e8-4f69-ae28-7dedd376c196
949,b033d850-daff-4357-b608-c2e465bdc03c
950,35953056-c826-4dcf-9863-e6d0df9223af
951,f558d776-7e24-450b-b084-32cb05192b72
952,e477c849-a357-486e-ba4c-fcd8051c1ed8
953,FR-18008901306731-2017-01-12-02
954,340d5574-4283-4e46-844e-b2885d712c87
955,72c9983c-a3af-419c-a53d-19c33b8fb74d
956,913bca3a-c724-450c-9750-70e33d8a7fba
957,60d453fd-7f18-4518-b3f6-5f972ff20b97
958,244825b6-2456-4ef8-9a66-e81de0a5c8ab
959,FR-18008901306731-2020-03-23
960,685fd38c-844d-44b7-ac04-4820492b9fdf
961,fcb46e1c-5c6f-4425-a73d-89a633af4c41
962,771e919e-d4ed-40e7-80d9-ece429e599c0
963,dce543cd-6059-415a-9225-100b4fdb6395
964,115b1f99-d97d-47a0-bfa0-070437271433
965,be128496-fdbe-492b-a8da-332e22a359fd
966,06a31e05-25ab-47bb-80a0-cd46b11a83c2
967,a0027a4c-0870-4987-beb9-14567002ba82
968,59b5c47d-c576-4b07-be19-0470e4045edf
969,27f07f17-685f-4b03-a506-63ebd2c8d754
970,7aff03ba-0d5d-4e0c-ae29-47e6f9cc710d
971,FR-18008901306731-2017-01-24-03
972,FR-18008901306731-2017-01-24-05
973,298cb955-a133-47d0-8519-6084b3e0ba16
974,e84e0e0a-15e1-4cec-863f-0024e0957340
975,1108142e-0f44-480d-9cc5-513cc0379929
976,e8896323-9428-4d0b-9bfa-ac5ab97c9bcd
977,FR-18008901306731-2017-01-24-02
978,336c6641-e9f1-4632-9f38-bb4741a17039
979,258a1c94-d437-44e5-b999-531808bdc1ba
980,9540a7e7-5ab8-4278-a145-19433e6a7f3b
981,fc3d02e6-bfc2-49a5-8376-1c5e5d04e5e9
982,ea356ddc-40f5-4d49-add8-383e56a959d4
983,7e5bb485-17c1-4398-ac6b-6c297658cbc3
984,6b60389a-92da-4353-b4d9-9280d0638f5f
985,8d8317a1-b92c-415e-a6bb-04746126ee07
986,bd205ae6-20a9-4782-a204-ac8bb1c04bbc
987,71fd61a4-39cc-489b-97c7-dc6fbbee717c
988,6c50325e-7080-4ca4-a3df-fdc83fd55211
989,FR-13002091000019-2023-04-11
990,ZAEU-10-48579-PRO-BHG8JR
991,c4f8d87a-1d81-4c18-bc35-1b47514947dd
992,3c63e9b6-f143-48e4-ae4b-2f13f06a2cb0
993,f1c7e6a4-7709-4e10-876e-e1182048514f
994,02716295-feae-49fa-8b22-84cd735b4de6
995,c35b0470-9883-42ff-927c-b4eef987c50f
996,b9ada834-cad9-4522-bf89-ff83c1a20ad9
997,de97570d-1559-41c4-8e50-2b79a87a710a
998,FR-18008901306731-2020-11-12
999,Cartes_gÃ©ohistoire_BassÃ©e2
1000,bd045025-5237-4752-a15e-666328d1d8d0
1001,79ccf4ac-c223-4157-a0bf-d169ce99e566
1002,bafbcc03-fc26-4148-97bb-1235cb35aca6
1003,e42c7e4c-adcb-4d2c-9bb0-eceb7bf9bd33
1004,bb9831be-2a48-4b4d-9545-22d1ca0c38db
1005,24b0f953-7fb5-46e1-850c-75d4e519c9a8
1006,5ae1c6ac-28b8-4f78-ae9a-9bc77c8ef740
1007,4a40ec8c-cc54-41d8-9099-528d292426ae
1008,FR-18008901306731-2017-01-19
1009,76b32360-3505-4d3b-8c35-b5d662008150
1010,FR-18008901306731-2017-01-13
1011,5e149c19-a7da-4f76-94e8-752069f437d8
1012,FR-18008901306731-2017-01-15
1013,483f3c04-2b97-463c-a453-f2f6502d0f87
1014,94f71075-ce3c-47c1-9ce8-8ed28758c432
1015,9e6ccf71-b31f-4580-9c1b-d149ec864e42
1016,FR-18008901306731-2017-01-10
1017,a42c6b7e-c45d-40f4-a7fe-3c9cdd656afa
1018,14a65963-f0fa-4773-8b27-5121c4faad9e
1019,85c5d9d5-1a63-4907-9f6b-2149cca82255
1020,FR-18008901306731-2018-12-03
1021,FR-18008901306731-2017-01-12
1022,9c68bbac-5a64-456d-bc52-12fd2b6710e8
1023,4d080717-0cd2-4116-8e58-d2d64962f593
1024,b6ac11a1-e3d5-443b-a6c7-29b16b0842d5
1025,38f36651-ad27-4ccb-bb0f-5cef0c39bb73
1026,FR-130005457-201808290955-1926_Carte_LIVE_Rohrschollen_L1
1027,525dd848-3a46-4b91-b2dd-6f315faca977
1028,393c4127-4f78-445d-bd83-ed795626e936
1029,115fb2ff-d146-43eb-936d-0449de6e0a84
1030,68f320ab-4fff-42ac-a0cd-6b9f43ef71fc
1031,bc7c371a-a56b-4d21-9020-c3250d13b080
1032,FR-18008901306731-2017-01-25
1033,FR-18008901306731-2017-01-26
1034,de941052-b3ab-4e0e-bc34-8aa2a0052f0d
1035,FR-18008901306731-2017-01-20
1036,cbfaac68-6b5d-4da8-8460-35c8b6373686
1037,FR-18008901306731-2017-01-23
1038,9eea9b14-5e31-4eb7-9a88-41e51b77819d
1039,96477802-3887-410c-b921-b22d1460e63a
1040,0292c188-7b52-4719-96f8-1ff561912ab1
1041,93354a4a-8145-4fe5-828c-381bdb1c6044
1042,0e2a78f9-371a-4fa5-961a-253c960ec5da
1043,FR-18008901300700-CEBC-2016_assolement_noncouvrant_2017_ZAPlaineVal2Sevre
1044,0726c4c4-cb3b-493b-a2b2-102cd68f233d
1045,96b2b7fd-6097-4c32-9750-523c850a092d
1046,45f6368b-164b-4d8a-a15e-ec7c2ce5cd61
1047,dc5e1383-bb1a-451d-a20e-270a18be4c56
1048,7ae10e94-e3c0-48cd-aa05-1a618e2c9703
1049,2bbfc264-fb79-4cf4-a46b-c71b78cfca60
1050,4866032d-2e64-411e-bd89-4e79fc5cb2ec
1051,3f5393a3-4cb4-4603-ac6b-e16aa699a31a
1052,b86857dd-c87c-4875-82fd-96019b0f5c3e
1053,54cef849-64f2-4907-97f8-3fb7f59cd0fd
1054,d3aaade3-dbde-4f9b-9833-4dbc38531f7b
1055,15de9e4f-2a20-430a-a3dd-13c82e2a96d7
1056,fa84491a-51ad-46fe-a96b-d2475ecaa191
1057,info:doi:10.24396%2FORDAR-19
1058,FR-18008901300700-CEBC-2015_trait_agripop_ZAPlaineVal2Sevre
1059,08c8fa8a-86fa-402c-a01d-71c166efe574
1060,2b1c0a1a-83e6-4e0c-adc8-093d4a889606
1061,806254bf-6180-49e7-9325-4d35f931b6dd
1062,8ddd0828-7b2d-4f86-b63c-a004feb526f1
1063,c0f9273c-411c-4235-bd7f-179ea78ba533
1064,3082cbba-444a-4598-89ac-23584bbfc3b6
1065,c558a982-4a30-4a07-81d0-3503985fc00e
1066,9a691a16-d673-4286-ae2a-aa0dcebecd2d
1067,26fb464c-a5bd-486f-a249-980dbff22277
1068,1a721987-63e3-448e-be96-b5e2e2a7069d
1069,539d9764-f3dd-4602-b12e-29accfc70104
1070,0c05b089-93c9-4596-90d2-0bf6656fbaad
1071,24976c3b-f301-4c75-85a8-640d230d4dc6
1072,89c255e8-2a7c-47d6-9f87-bbb880804043
1073,23156d2b-8b99-4a90-a9a7-3efaf08582a4
1074,f1a01969-cb3b-45bf-ab16-5c35ca9fdd58
1075,FR-130005457-201808290955-2017_Evolution diachronique_LIVE_Rohrschollen_L1
1076,daa1431f-78bf-4d83-9ecd-0ebc12083024
1077,5bf9ae1b-58ac-43da-a2bf-e4a96a11afd6
1078,29eaca5e-6e92-4472-93e6-baae24c5a424
1079,c62e3ec8-d93f-4485-9777-2b28c2585fb3
1080,75187162-c802-40e2-9362-9161c576924b
1081,5e385a99-6b25-417f-92dc-2ee8b01c80d9
1082,c533b75a-a4db-49f2-bb4b-016388410ee9
1083,ee183b53-93b0-485f-a6cd-e52aef9131c3
1084,2789ec4a-224e-4579-87c7-4a9373d81adf
1085,2bd3ecd6-f60a-4d24-a0ab-ab4b2d758884
1086,dbe973b7-ea90-4471-81dd-5f6ed2764782
1087,abba9eb0-580d-491a-890d-5b0f6af5fe83
1088,234baf2d-89fe-4275-894d-11d14cbad61e
1089,FR-130005457-201808290955-2010_Carte_LIVE_Rohrschollen_L1
1090,9af59405-d8ed-494e-a0fc-68c746a27f71
1091,02f1750f-73f9-466e-8ee9-9c42fbb5029f
1092,FR-18008901306731-2016-11-23
1093,578a1f9b-7c0b-4ca4-acdf-80e386d73b0b
1094,48ba49dc-c631-493b-9e14-a4dab5143f01
1095,fb7bdfb6-73ea-429a-8d35-2f94f5675474
1096,499be9f6-b888-4196-82a7-f483c0b953f8
1097,e3ad320d-f77e-4d59-8425-1fe11f754720
1098,0bae6fff-0a60-4d1e-958d-6f6d8c348787
1099,FR-18008901306731-2017-01-04-02
1100,FR-18008901306731-2017-01-04-03
1101,215e1f63-b2a3-4f7a-b0cd-9afa004d8c2b
1102,bc880b49-62f7-49a3-9dd9-878b227c1083
1103,17c69e9a-c64d-4411-ae61-372b6de18845
1104,ZATU_ca932ef8-2ed9-11e9-a271-71a2a9a47952
1105,09e9a3b4-ee30-496f-925c-c79524afb135
1106,a16c8db0-0402-47a8-990c-58957a3fba85
1107,3c573797-e55b-4d90-b774-830be3b7f2dc
1108,8d350297-243b-456d-86d2-b49e22c0e285
1109,e2b28e48-c170-4c55-b3f3-5991bbd2a540
1110,68ddb9f2-3055-407e-9f39-619cbd401dcd
1111,529f34df-1d80-48eb-bc5c-31f2346785cd
1112,7d9ad2e5-afcc-4f53-9b62-ac48e67069fb
1113,6ba2bc5f-09d0-4cd8-80a1-b8eaf97753e9
1114,d361328f-0e30-4e8f-ab55-961251ee0068
1115,514398f7-0537-41d7-a0e5-e3fb8423b6cd
1116,5a6c18fc-4f3a-4a8f-bd36-afd0241c1869
1117,4b17bd8c-09e7-497a-a79c-fbf1dfe37dd8
1118,ec02f62b-bea0-4a41-9266-e13e15545797
1119,395b8455-9ce1-4308-bd63-7b6843ad1845
1120,c285d5d0-875c-4bb8-9e89-03bb91bc44b5
1121,1e0b4f83-08dc-4688-92d4-2cde44078c17
1122,f5e3f5b8-dcfb-4a95-b409-bc8d9fc724fa
1123,9e8a9e23-ae88-4b6d-872f-475ba6b9348d
1124,dc41f3a3-0a7a-4d9b-91b1-c1d860d9cb2c
1125,92bec6dc-3a32-4100-9ec2-d0a8b7aee9ff
1126,867d37cf-66ea-4f8d-b9b1-07eee92951f9
1127,43b1ae42-ef79-4292-b7ab-cd7ea301a68b
1128,e978b49b-4026-424e-9e6e-27c75f9a1063
1129,de283e8f-ce64-42ec-a361-d6ddbe4a25f1
1130,55bf4b41-2701-4e1c-ab72-f67cd87d9e9c
1131,269fa641-46c1-4003-8003-03b2cbc752d5
1132,1ddad58d-a687-41e0-89ff-e4ddc9abe16f
1133,0ae97260-98df-4d01-a5bb-e881fdd6f8b3
1134,b1c0ec4f-3f30-49e6-9cb6-aff85c065704
1135,FR-18008901306731-2021-01-26
1136,df82b5d3-d09e-4f63-a781-41b33c9b5984
1137,c8d4f42d-094f-4d57-bcb4-8d8461450425
1138,76eaad5d-20c6-4a7e-b79b-0176b602a4ad
1139,663b5422-f954-427c-806a-a61dace5f77f
1140,a3092d93-f040-4d65-9824-3ebf2224e0f9
1141,10718126-3bac-46a1-acbe-8455cad85126
1142,868cce9d-b3fb-43a5-80c9-4e0480919812
1143,390b5704-8789-4189-9f6d-e8a1538ee9b8
1144,88dc4c97-b53f-4aa2-88e5-f71a8a7214f9
1145,3a602cfa-cb60-48b1-bc2d-21cf26a6111a
1146,1da31222-b30b-40d5-a520-5cc21cfa68cb
1147,eca188f4-91a8-40d7-aa03-06a486a633a6
1148,de5db093-4336-4d5d-99f4-fa172e04a92b
1149,82b321b9-5cb4-4330-b6af-4e163a1ed83c
1150,d15a172f-088f-4fef-a5cf-4b8cfaade599
1151,2ae20a2c-f74f-4d86-874f-8de742e8ce53
1152,31174fbd-9a15-4f15-aa7e-4b905e6113d4
1153,15f6321e-b03e-4ebb-b1a9-f426ffc1d087
1154,3e596704-d16b-4a31-9f3b-18fd2f375c05
1155,b5029f0c-7dfd-42a3-9916-1e3dac10489c
1156,9b819ccd-546a-483a-a298-b1f47f193e57
1157,40932ab2-ebf5-4829-a896-214c7fa58945
1158,c68463b0-4715-4aaa-8efa-cbc9ccc95695
1159,5296ad31-dfe6-4bbc-892b-aac4a1c7de21
1160,7cf0ce8e-ccbb-4fe8-9682-d289665a49fc
1161,b4442233-8054-4c55-ba95-153db61af38c
1162,d6724eae-dd5b-407d-865b-15200bd523ee
1163,c38b129e-fe24-400a-a089-f06766949c41
1164,83fc164e-bc04-4ebc-8374-8b4b85944317
1165,aaab8da4-894c-499d-ad9f-8b04d2e8391d
1166,7c28f918-d37a-4e2d-ab2d-5d11b234c94c
1167,1a75116c-882d-4b01-9fb0-d8714f28a790
1168,2495eb4a-e858-4615-9adc-405aaba9611e
1169,3edf1149-29c1-474c-a63c-5777c9a24560
1170,2cc593fb-9537-4fae-a0ad-22c1307d6ff4
1171,34137554-fa22-4f5f-bf5b-46add878e187
1172,b213ee16-c5bc-4040-9e92-1f19abd0fcf1
1173,e5b5501e-980b-42a5-b131-af2c72d9028e
1174,RZA-10-48579-PRO-VIJEHR
1175,1492d1f3-6100-4718-9d38-53d8fe64179e
1176,0dee5850-6fce-409d-881b-d0e22d402c16
1177,0944a985-3781-49bc-802f-8dbebb53746d
1178,3703c466-662a-42f5-bb7a-eec51973f2e3
1179,info:doi:10.24396%2FORDAR-67
1180,0c0af04a-3561-4650-aa43-7a383dc55cb2
1181,FR-130005457-201808290955-1828_OCS_LIVE_Rohrschollen_L1
1182,f07dd249-1b23-4456-b713-5c5e9c4d194e
1183,c51b43ab-a464-46a2-9edb-e40c2d9c3739
1184,d76a5bc7-10b8-4ce1-ae71-c15841eec274
1185,a9bab89d-1d61-4f81-b9b5-a7261b3c89ef
1186,2dc8ef45-80cf-4974-a4c0-23e6e9e6357e
1187,f246e4d3-fe49-4b35-825a-3db2cb007c55
1188,7cce0e7b-3bc5-419e-bb0f-52cc5659836d
1189,info:doi:10.24396%2FORDAR-72
1190,b8ce7a8a-beed-40fb-b6cb-4a29fe0e459c
1191,info:doi:10.24396%2FORDAR-73
1192,FR-18008901306731-2017-12-05-05
1193,info:doi:10.24396%2FORDAR-71
1194,info:doi:10.24396%2FORDAR-76
1195,info:doi:10.24396%2FORDAR-77
1196,acf29b2a-6c10-4e1d-9f2d-aa12c444435f
1197,info:doi:10.24396%2FORDAR-74
1198,ad020b7a-ef57-4db3-a140-e16cf73b2654
1199,info:doi:10.24396%2FORDAR-75
1200,info:doi:10.24396%2FORDAR-78
1201,920db34d-a72b-4ae9-a4d9-4bda02abe142
1202,info:doi:10.24396%2FORDAR-79
1203,0303a71f-0fee-4045-ab64-69180408a33e
1204,14f9586a-28fb-468b-b4a4-91eae6ad189c
1205,1188124d-347e-40e2-8b03-7df6520d6750
1206,4e03d9ce-a919-45a2-bc40-bf185afe1a61
1207,EDF-AERMC-AinQualite-2
1208,FR-18008901300700-CEBC-2016_nichoir_agripop_ZAPlaineVal2Sevre
1209,9f6b7bda-cffd-408d-ba70-c4dfe40d2b7f
1210,6b15e09d-e5a1-4f2a-b6e5-34101d380990
1211,080a8001-f607-442f-84bd-5f1e33d5484c
1212,591934e1-4a79-4596-9bdd-0c67d150ee6e
1213,a16867bc-2c8f-4756-a4f4-b7a4fd3c7413
1214,0cef79cf-e8d4-4019-971d-969cb753ef72
1215,198248c6-f9ff-4706-a3ef-3fba462cabba
1216,d8a33344-8e71-448b-b6d0-2539c9d2d2ca
1217,07607e70-fd10-4fee-bc4f-1442504419b8
1218,93ce64d4-64d2-4553-b62c-9847f7ab32bb
1219,95b29740-1585-495a-b57d-683fd2c9494b
1220,ae309788-a51d-4d13-b623-7e442525806a
1221,a0d13211-d0f7-4209-ac62-d6a1fea87fd8
1222,5910afbc-a71f-42e6-a4de-8e580ffce50b
1223,f29b7a95-2675-4288-b333-8fc0d860a3a1
1224,6aafc37d-dbbc-4a1e-b415-9755cbba4bd8
1225,RZA-10-48579-PRO-GEYMXV
1226,info:doi:10.24396%2FORDAR-58
1227,ca33df79-6f67-443b-9cc8-a1e23cd81750
1228,info:doi:10.24396%2FORDAR-59
1229,info:doi:10.24396%2FORDAR-56
1230,440bd0c2-d029-4bb5-ad3a-ca12c53c5ae6
1231,197fec6f-7723-41c8-b223-d4f43d0c2580
1232,34226cd3-9581-453c-90c3-50448d4dcdf7
1233,a80a1c0b-c1d4-46bb-9326-57be77dd3e5e
1234,3b2d53a6-1aa4-4754-9f84-f01ba04ab88e
1235,85795ee5-13e1-4c4d-b02b-aa98e1b4d5dd
1236,9c8e0550-ab2d-4d50-8004-9582f96942ef
1237,3f397d3e-2577-4666-802f-7a4b979fc7c2
1238,df64c15a-0d24-436b-9a98-5c062ee6fbed
1239,566b9915-e3bb-46fc-b935-5f7e44121341
1240,info:doi:10.24396%2FORDAR-62
1241,f636e539-a63c-4d03-87b8-e88cf377d2c2
1242,7ac8352a-bb65-4492-bb26-f748637e0544
1243,706a5187-a620-492e-a966-3ce5de555a08
1244,6caf24a1-52b3-48a8-bb42-62972fea66e0
1245,8521cf91-18e4-43ca-a9c6-010781ed46e0
1246,7b6f611b-07bb-4eee-9de4-57fe09d5c32f
1247,XML-10-48579-PRO-AFXQRN
1248,3a2b6845-2612-495f-8c17-0905f5e4c981
1249,7284a414-826e-46c4-9c84-6743f34664a8
1250,00c9d921-4bf1-4c82-bbb6-daa16d7c170d
1251,MUZ_EDYTEM-ZAA-ADN_Plant_cover_dynamics
1252,52b554a9-6ba7-4208-a18e-18da2346ed43
1253,FR-18008901300700-CEBC-2017_assolement_agripop_ZAPlaineVal2Sevre
1254,c52dc980-439f-44b4-b6ed-6ebfd4e175fe
1255,40da9bf5-abcc-4ccf-b965-5465b1708b6b
1256,19bf8bd0-27ab-4061-9c3b-daa9e87f2d6d
1257,3d02f69c-4a78-428c-936e-079a39424077
1258,142560ff-335f-427e-9f24-14c5cfe1f3eb
1259,50087fa7-b24f-425c-8842-77eac1bb3b7f
1260,e181cf8c-b857-4bab-8cf2-7ad692fcbc47
1261,b9f579e7-5ff0-49ef-954d-cb5c81404f91
1262,c733b578-0646-44de-af0f-ad96ef873688
1263,743a4c03-b7ee-4f09-a46f-412917226c94
1264,85c0394f-3385-4805-b78f-038d14e733a2
1265,59df69cd-9487-4221-9c09-a5d75b110e2c
1266,cab2ca71-1309-4ed4-a427-2e9bb17c451c
1267,60e6d552-2062-44bf-9b77-27e60fccb76a
1268,fa9da4b8-94fe-42b1-a430-948b63cd8df5
1269,1e1e6d19-5479-421a-a169-8d7adad329b8
1270,ZATU_c7f03e8e-2ed9-11e9-a271-71a2a9a47952
1271,FR-18008901306731-2022-03-30
1272,4c76d7b5-1162-4ba3-a40d-4066e54d6d68
1273,c2629e87-0957-4ad1-91d1-ee0cb9085d9a
1274,99c35995-2ce3-4c4d-9fd6-6ca3795e708a
1275,6f4b3512-a920-4699-84da-f590bd178251
1276,1dee8b3b-b982-43b8-88bb-fc22500be45c
1277,c079caac-e62a-45fe-b3b3-0a825b7c27d1
1278,56627300-b920-4f2e-95a2-f9bcfc685ee9
1279,3611522b-ade5-444f-9b3a-b2d8031c6446
1280,8d9f30a9-67b1-4c47-9a0b-a0ccb3d091f4
1281,34dee7de-57f5-4c78-9973-bd609e8fa1a0
1282,e615a77f-bc93-4a9d-82e8-8d7e1f12aec8
1283,1d2e69bc-1120-4871-a418-b31d2705e62c
1284,0ef15a75-459c-4bf8-b8d4-1d0d0e80603a
1285,33d0e59b-b386-4ab7-8f72-5d93a226af5f
1286,1ea4349f-a1fc-4f67-8a36-8f02f23ff748
1287,ee486a3b-5603-44c4-ba3e-910a5c1b4f37
1288,547c7051-ad0d-49e2-996e-a938eb7cf217
1289,ff45e02e-3a56-4556-b1be-6210877a9015
1290,59749ca6-17f1-488e-b797-0530a07dade8
1291,ac2c45c5-f279-406d-993f-75e41e6e531e
1292,2b0b74a2-b8bf-4458-b239-4df72c54f55a
1293,FR-130005457-201808290955-1743_ScanHisto_LIVE_Rohrschollen_L1
1294,a6bd214f-c5df-49d4-8869-6fb232eaadc8
1295,cfb03ded-40d6-4bca-82d1-a1bd3576d09e
1296,ZATU_ce9f0ee0-2ed9-11e9-a271-71a2a9a47952
1297,674c0829-e96d-4a19-8edf-21cbe1bf1431
1298,FR-18008901306731-2022-03-24
1299,9ec26657-d9fc-4488-b167-ebd07e4e90b6
1300,8e4a4787-ebf3-4de1-a834-867b12f53388
1301,51154bb1-c263-4157-8ee4-a4fbd5aef0df
1302,74d0cae1-7605-4cb1-bd00-708592ca267e
1303,d129c9cd-bf8d-4991-b8da-c00d0b6705aa
1304,7c1858a9-e5dc-4da7-ba0d-e96662e333e2
1305,b686b5fa-9791-4447-8304-5d8c47c745ca
1306,3a6f661a-d122-42db-99b0-1922a5c9f184
1307,51e6ec82-e3e8-480b-9c0b-2aafbd9e3e4c
1308,0e300c74-ba22-41f5-9560-e62f55712d94
1309,994ca367-43f3-483b-a7d2-405922ed253a
1310,aa5e6774-6882-462f-978d-53717dc63f47
1311,042797c0-9c50-438c-be2a-d599f59e8faf
1312,8b6e5dac-60a1-425f-a357-920909cfa973
1313,FR-18008901306731-2016-09-09-02
1314,FR-18008901306731-2016-09-09-03
1315,2fdb0caa-6032-4eef-81c4-07a9b8bf7919
1316,ac0384b8-7d1b-4efe-a6c8-fc3e31cc63e8
1317,378f00eb-1fa4-4179-b54b-46c49d41bd78
1318,e6a88dfa-4888-4683-9c96-372c1fe3c0d9
1319,13913e39-18ba-4b8f-a797-254b900bdf79
1320,670eb0b4-78a0-45aa-bf2b-6e6ba61691cf
1321,e26ddf58-59b4-4595-9b81-07f503089b59
1322,389bddc0-5901-48d0-88e0-35da2f64be86
1323,e8ba3c57-d0ba-46eb-b08f-c70b2eb6855d
1324,6a9321e9-fa00-4156-84c1-14144d731008
1325,d48b47e5-5e70-4341-9a9d-8a06da07714f
1326,51b2ba83-0a17-4809-934a-301798b9a831
1327,6a5c5bcb-3f0d-4bca-90d3-05699ed32f54
1328,e5f68476-ed9f-408e-9be6-561c937c223a
1329,8acb2303-f465-48c5-9402-7967412c49d7
1330,dd0f8966-d790-4bd8-8066-c1bc7b62caf7
1331,957fe363-8f68-4a1d-9e9f-31db07282b9f
1332,8955602f-4e7f-4720-a0f4-ce24ab940f46
1333,64a421d4-3025-4d87-b09a-f94f9a673890
1334,35f2308e-3249-4a43-b45a-3524f67151df
1335,FR-130005457-201808031630-ZAM-RU01
1336,98a1c9a9-f13b-48f5-bd3c-326a37e6aac8
1337,3f8937da-eb84-46d2-a264-307c7a83ed37
1338,3258373e-4944-457b-8e81-49ed8b005823
1339,b7a8e570-167a-44db-acbd-9df716ffc681
1340,093b213b-b246-4add-945d-5ccd4090abbd
1341,8fdde457-f931-4a31-9a63-63a5d7dabce2
1342,7a09b42a-942b-4fa7-a3aa-217dad9a07ee
1343,3254db15-c966-434e-9d99-baa5cec45aeb
1344,4ef56fe8-4aa2-48eb-b6c4-69070cf7a605
1345,2211c480-2d53-4ad2-a250-cbc7afdbc6c9
1346,d31c4000-41ff-4bba-afc4-e792a4381023
1347,e5647b44-bfff-458e-8804-38a4b21a8cd2
1348,65ce0464-8b2a-419c-b07f-1765d7df225a
1349,865432e7-eb25-44f0-8039-7b93bc394d50
1350,9e59e204-c321-42da-8fd2-9b14af29e873
1351,FR-18008901306731-2017-02-15-08
1352,691507c7-7e23-4b33-a15a-e8bfed466c07
1353,FR-18008901306731-2017-02-15-09
1354,95aef630-edc4-4d52-b85f-ddbd10df9771
1355,FR-18008901306731-2017-02-15-06
1356,FR-18008901306731-2017-02-15-07
1357,5621333c-d1d1-4fb0-a3be-697492700556
1358,FR-18008901306731-2017-02-15-04
1359,84863dc7-fb16-4770-a91c-301fd11aeed8
1360,502e1561-c20e-4d3f-b25d-84e34b5affd1
1361,ae0612cb-d843-4b60-bd1e-e2fc0820c467
1362,16963161-bdcd-4ef2-a31f-dde52a0ca11e
1363,7e67efc6-e262-40eb-b9bf-5de558380067
1364,79cf7a1a-9d58-45cf-8a11-13033d90cd94
1365,FR-18008901306731-2021-04-22-02
1366,e580a7bb-cb9e-4cf5-894a-c85d603f7b82
1367,85b1e1bc-ae8a-4014-8d09-16148dacf0f7
1368,025c571a-2008-43c7-b607-d71bc9ff8d75
1369,118e30ca-64ad-4154-b908-e66587e1f05a
1370,c4c9d7e1-21b7-4fd3-9973-1ace64339c84
1371,97231782-1c5b-4f0f-8f20-8cad030c4825
1372,faf6773e-f143-4504-8e64-05873413701e
1373,3f4bbdff-2fd7-4c05-b969-f7f1f4c0f126
1374,bfca8797-9122-4a29-8c99-1c85c8c45b86
1375,b5147ea7-195c-45d9-ac6a-f83fda1a6539
1376,FR-130005457-201808290955-1872_Carte_LIVE_Rohrschollen_L1
1377,3507118f-fc1d-47c7-95b9-295a9b9acf99
1378,514c1940-2bcf-42c2-b108-962cf7409fd9
1379,548511c5-a6ef-4e1e-a447-81ae3fb2e9da
1380,ZATU_cd3f7d96-2ed9-11e9-a271-71a2a9a47952
1381,02aec5fa-979a-4e63-9f9e-9180c4a20280
1382,2ca5de3c-5f88-484d-8805-19d7041fdc02
1383,ab825cdd-cb95-44b1-8828-17ee861361e0
1384,d0df67cb-c9e9-45d4-b7b9-5b15219bddfa
1385,646eebcc-56fb-4839-b46c-a83453c0ca01
1386,57560cfe-79f3-4fbe-abb9-e2a2073715a6
1387,b7d534f5-bf87-43aa-9105-c144640d1cd1
1388,da55ee9c-4d6b-4ea3-94b7-f3321ea7b045
1389,fdef6f8b-9615-4099-928a-e8542dd89a27
1390,b4bc0d39-4a67-44e3-9fd7-aa66bd2e8540
1391,2830bf88-e927-4447-adc5-a1e546a2559a
1392,60308003-66e0-44e1-a913-cba0e2253bde
1393,56e0a7c2-ec82-4c52-9f25-adf5bddcc459
1394,a5fee07b-3d46-44a0-81f5-f0474cccad6d
1395,4a7fe54e-555e-4c99-992a-32ac5b3d428c
1396,d3b5c6ce-54e3-47ff-be7e-e0719ae3518c
1397,64d2f316-4fb2-447b-964b-dcd3c6a6fe98
1398,6545505c-92bf-4fcb-8c7b-fb1a033dcfd8
1399,e7041aef-1396-4270-8a30-32c891bb4574
1400,2b29be66-fc66-47f7-91c3-7c20cbbf8c3d
1401,680d6e45-8b43-445c-a64e-0fed81e4df1c
1402,d2e9c2d9-0fc7-4485-aa34-97947de7c67b
1403,0abbf906-c4c7-4086-b6cc-c7df4b5eea92
1404,6fef819d-d18b-4166-b653-b6a73eed6fdc
1405,FR-18008901306731-2017-02-27-04
1406,acaea1db-a5bb-4f24-89a8-b594338367b3
1407,bfc5b1c6-838d-4db2-ae2b-b6dec653bf98
1408,FR-18008901306731-2015-07-06
1409,0515a91b-6b20-47b7-9479-c1fc78f19c11
1410,7c6f9d47-150b-4638-a62e-551dbdcd559b
1411,72225016-0e29-48ec-9417-7c3fd987626e
1412,2c4d01c8-130f-41db-a680-e7f37d5e53ea
1413,83102711-65f8-4bdd-b608-438e89e90b8c
1414,50ce1228-75f6-40da-891f-5c8c28eac897
1415,6e7eaaf1-5b8a-456c-8067-4a064e54b96e
1416,FR-18008901306731-2017-02-27-08
1417,FR-18008901306731-2017-02-27-07
1418,4b96271c-6303-4a14-99bb-f620a5abb3b7
1419,34b3d439-6473-4444-9ac1-985dc495a2a8
1420,8cb9f307-bed7-464a-8964-efaf236bac39
1421,bf236dbd-41bb-4b8d-b6ae-96658014340b
1422,8c48a04a-7dc9-466d-be5f-25dfa6657f3f
1423,14ffd689-f090-4659-b240-a4de6ff6c44a
1424,ZABR-AE-Action33-presse_DL
1425,15e25a80-74ba-476f-8682-f0f849c383e6
1426,73c118d1-c72f-4080-adad-f014558d7e68
1427,b7d27411-2890-48a2-bbf4-c792f0fabd9b
1428,95feed86-113b-4425-b239-a463d13dd6af
1429,551331fa-c4b9-4eaa-ada0-0316e0ff2710
1430,ae109ef1-f090-4704-bdfd-ac0d1eee982c
1431,326280e7-81d4-42e5-9567-3f0a516e3519
1432,85e0d6da-ae31-4948-b8b2-f9baae558ee1
1433,FR-18008901306731-2017-01-23-06
1434,04a3ca7f-fff1-4047-be29-dcb1c6af1c7f
1435,FR-18008901306731-2017-01-23-02
1436,FR-18008901306731-2017-01-23-05
1437,FR-18008901306731-2017-01-23-04
1438,9bd09cb6-6a57-498b-873f-bd51a99ae5ac
1439,81a9c38e-f35e-4b43-bccf-368c65ff9c46
1440,26ca7697-0a2e-4068-89ff-fc9c0714b1be
1441,ed9bdc4d-52b3-4d3e-9df6-709aa4c36634
1442,226ad656-c8ad-4943-80ae-072936fd8dd6
1443,5dfe818c-4a89-4a40-ab7c-cd96ac20742e
1444,feaab386-f276-4204-bc03-0ac4f7ca4b27
1445,39f8b98f-06a4-4d89-b9d2-6b1e5804850b
1446,443e9d10-c102-4f5b-b5f6-eed630533273
1447,8051d725-b896-4f6e-aa1c-cd6731affd2d
1448,9a342167-2c4c-4805-ad50-0561ef54bc19
1449,9a9cd8c1-b0f1-479e-9134-5fd5638e2bd2
1450,069dae54-092e-47bf-a0e0-3b896de1f78c
1451,c313d7d3-4ec6-4ca5-b7b9-3068cfd0b9db
1452,e7999fd8-fe5b-4f94-ab1c-608a4193d35f
1453,63452863-2534-4fb0-bc1c-0039757381df
1454,ee748b5a-5a7d-4dbf-a092-4e65441a265f
1455,edadc2b8-4ee7-4250-8413-46ae85392ee3
1456,0558bd85-2695-48a3-abf9-96428df3da23
1457,recotox-bdd_FR_2020
1458,74dc0785-8b30-4d27-9768-603fb527e0c5
1459,0d6f1963-cd5c-408e-b570-69090c846920
1460,d783d40b-8ad7-4f6f-b069-ce8968e5c28d
1461,b6ca2041-f9d6-4408-a301-be905cf65dde
1462,24eef6c0-9a54-4c5c-a590-8684a885bbe9
1463,33d6acdb-8f7d-4687-9a29-9882864d6540
1464,e6b4e858-bb53-4546-9907-fcb1362c71ef
1465,4e936c13-7ded-4dd9-87f1-c7bedab73416
1466,09d4c15b-fd36-482f-aae1-68fe1570dedf
1467,b7682970-43dd-4704-93d6-9638bfd108f4
1468,af5aa79a-c9a8-40b1-9cf8-ee8ce82ddaac
1469,34cfb029-d68c-4674-965a-3dd86892fe32
1470,7cb3fc77-1de0-401f-aaf8-e9c4612205a2
1471,b8c570bc-4c12-4a80-825d-62cd214dedd4
1472,b34cb183-cdea-4729-a824-a7fde089a6a9
1473,ab19bedd-b844-44f7-b2d1-f4f8afc24a0b
1474,12a0b625-9ad5-4251-a57a-305e22edef2e
1475,d1e6e791-c851-4b2e-ab4b-9675058a6482
1476,ead8e65d-d41c-4507-8102-dc6619ac06b6
1477,003b9e75-5d29-42b7-9afe-4e4b6faddc60
1478,a8ec9188-7339-44ef-8efb-30d83f7162a5
1479,17ab9dbe-136a-4c25-9b23-c5a75b0ee60f
1480,937a384c-3c64-4156-921c-61caa926ac75
1481,a5bac834-2654-4198-9f01-41f7c7c69803
1482,302def77-5d91-46a0-bf86-a44166094ef2
1483,ffd8b239-fc83-4d42-99f2-244b7ed63f01
1484,661c6a66-cfad-44d2-8cbe-194a25c93064
1485,702df7fa-5a0e-4ebc-b56e-71b44889c431
1486,77b000e3-7e29-43bd-8fb3-9b9028b70d01
1487,f70bd4d4-05b4-4d58-ae76-252f1dcfbdce
1488,Default-10-48579-PRO-BHG8JR
1489,e2e59c1e-a906-467c-9496-d4358dd17313
1490,b2c44360-3e1c-4f8c-beb5-2e52cdcecfcd
1491,394c8c62-1529-4754-bcbe-952b46f6cbca
1492,70425924-0747-4003-93d5-e2509dfecff9
1493,FR-18008901300700-CEBC-2014_oiseaux_agripop_ZAPlaineVal2Sevre
1494,3fdc6506-dfcd-4b30-918e-b8797ffb223d
1495,e3a8745d-bdd1-4777-b2de-a6937257aa17
1496,FR-18008901300700-CEBC-2018_enquete_agripop_ZAPlaineVal2Sevre
1497,9a73a86d-2b26-4e7c-9866-9d8d36e3a945
1498,8d5cd68e-665c-486e-ae0d-30eb4c109efb
1499,8ae5b714-7dea-4fea-bc73-377851d1bbe6
1500,fc53270b-4853-42b8-b172-208afa25b16e
1501,9f1d416f-489c-4de3-8982-7f600793752c
1502,9a91fc68-2001-4616-89a2-31d8dcaf234c
1503,b981726b-d749-4e01-a975-722866a54f6c
1504,FR-18008901306731-2017-12-05
1505,4995531d-3ac5-48d6-8f7a-d15f64f7c12d
1506,6f33a9dc-f8ba-42a3-a92c-5614360f7d8e
1507,051e0eae-9433-49ec-a119-f25ba338e166
1508,6ea6315a-0409-454c-ae91-1d8a30e53261
1509,6844acb3-d7e6-4f6f-a213-2ec2b05f1c77
1510,1efd2112-9028-46ef-b643-d1ebd1d10665
1511,1cd3e16f-84eb-4b3f-8c26-1cd2aa505bc6
1512,4700b6dc-0ff0-4f39-b063-c0b3ef80c928
1513,456ba3ae-631f-488b-ac12-1944ecbe6e57
1514,960b0549-4f2f-4568-b8d5-8708b43df7f6
1515,642e6eb3-2c6a-4e25-b654-73cba76b27ee
1516,FR-13002091000019-2023-03-07-02
1517,FR-13002091000019-2023-03-07-03
1518,27880fc8-2395-4a6f-97bf-465a192bba8e
1519,10-48579-PRO-BHG8JR
1520,6f8abd19-ba2f-40b7-b728-067a8a04109e
1521,d578fa0e-135e-4599-81a8-6d71d9aaccb7
1522,613de911-0a91-4ec2-8138-139b878310bc
1523,82c748ca-d656-46ac-b883-d353e75a54c7
1524,919b6bc8-3ff3-462f-ac6a-b01ee4672a87
1525,d9f285c6-244e-43e7-b3a9-dd959f44d0e7
1526,c72c4192-4733-4aab-a936-a8d0f6fcff91
1527,790887c1-899f-4282-8778-dd5996467ca2
1528,46c063c8-3369-49f5-bd08-01950a6bf734
1529,605d35de-e893-4558-9eac-1bd2da108722
1530,3143d313-30e6-4d11-81fe-ecaf848fd542
1531,890e74d5-b9b8-4575-b025-091531b0bfe3
1532,bd98dc96-d94f-4c52-8f8f-d8a31e97337b
1533,a45e9d6c-cb22-4d84-a5b8-d49157a27d08
1534,ad03ea17-a7d1-4f99-86d2-bba511ed1adf
1535,1418e173-36f6-4e25-aa06-7ba13504dc7c
1536,1f073c28-b6fa-4fdd-9d5f-bf75ec08f277
1537,85701a02-277b-4b73-9d8b-69f7d83bf515
1538,8b1a0b08-ad24-4df5-b46c-afeb9a665582
1539,91b62929-4996-4f1c-8817-cc0847d2ec91
1540,FR-18008901306731-2022-04-01-02
1541,FR-18008901306731-2022-04-01-03
1542,e6dd84d2-96be-4fee-abdf-4d13fd20b66a
1543,FR-18008901306731-2016-12-14
1544,FR-130005457-201808290955-1926_ScanHisto_LIVE_Rohrschollen_L1
1545,ac9d2fb6-c356-4350-932a-4272d72f45c0
1546,18a1eb33-b69c-4af0-9d69-2cdf41b3d217
1547,2fa9bb0b-d8a5-41bf-a49d-5e39bd1ad186
1548,4de1cc19-19ce-4d5a-93cd-5a3b1572f952
1549,7a2e8aae-9ec5-4bab-9f39-df490aed968f
1550,fddacd3c-1bdf-4e7a-819e-5583eeafe3b5
1551,6016dc6c-1f67-43f1-ba75-b82dd4df0304
1552,b3b5ac1d-06f2-4231-a899-f3145c32c4c3
1553,50209fb9-efdc-4f38-a8df-0aff562fd3ad
1554,8c8aa4e8-b204-4914-91c5-34a478e67c4d
1555,FR-18008901306731-2016-12-27-03
1556,621f5a9c-5f2f-404b-a233-171b6dba0537
1557,bf5250b5-f5b3-4ec7-9493-6b08630e4185
1558,bcf3d726-ebce-4a8a-b5e6-b1366b212d52
1559,f2a0205b-8ec5-4a16-8cd9-e9a132ae7c1a
1560,219d490a-d083-4f5e-ace0-eaac75410284
1561,d29251b2-2302-42e4-b443-156879c902c7
1562,3b84636b-d4bc-4af6-9736-9450593d3927
1563,ee707645-ed92-4413-8004-e827f78067ca
1564,455871ce-4fe2-4565-852c-299894d5b2e7
1565,f095950b-4a33-4fd3-8702-e4417865744d
1566,4a8e2da5-ac63-40c4-a4cb-d2bbe2d322ad
1567,3f21f27e-7ddd-4bd1-ab46-e4503e9beda0
1568,FR-18008901306731-2017-02-03-02
1569,2a07319a-c473-4df5-aef9-b4c38c518054
1570,5e6b84c3-ea0f-4210-bb3f-5d42e0ac5b62
1571,9ca0f569-7a6e-4bd9-a000-9d72dd61686c
1572,f4110620-27e9-472b-bad9-e42e163f5737
1573,78ee7b79-03a6-4d42-a95d-856f7af6bff0
1574,3caba1eb-b46a-42b0-8049-0d9f421339be
1575,69b58d34-58e7-476a-a913-e370f0210ae6
1576,f6ca2c21-cf8a-49cd-b31e-6c612a446279
1577,91eca730-ae73-4963-94cc-210da4276abf
1578,f924ebe7-d3fb-486d-9074-1c2a8ad846b7
1579,c0b76b84-c28d-4d3d-a844-6c424fe881c1
1580,ccb80561-6d9f-47cb-811a-a2451503f517
1581,FR-13002091000019-2023-01-24
1582,1b73b519-7792-46f1-bccf-e41f2c3e7b46
1583,FR-18008901306731-2017-01-15-02
1584,53b8fb6b-1465-48b9-b5b9-e5a3cd72c4bd
1585,ff2754ae-953a-43c5-bf10-85a370710f62
1586,bd926b06-2f9c-4418-9497-95fac3c35a53
1587,a200ac05-aa5e-4c08-a8ca-2c403b19866f
1588,e91ff889-5fac-4aee-bebb-dd2345af02f2
1589,549978a1-5dc9-4a77-9ab2-8bafe8c3ec84
1590,90946169-bfe3-4ce4-b27d-682d9b71f377
1591,53bcc99b-d13d-4bec-b485-bf3464aecade
1592,2a17380f-5ad5-4736-a9eb-0a37fa7c61df
1593,e84b8bb0-e09c-464b-b1a3-7a866209faf9
1594,065d21e4-7757-4703-8f2e-a32e12aac068
1595,524f54a3-ebce-40b5-9275-9ad118d77270
1596,fcef4fbf-6420-4413-ba96-f030dcc8c3b4
1597,4e634c30-b20f-4769-9633-7180e6209b44
1598,f45b2068-d219-41c6-af4b-2660e91f9a3f
1599,2345f1c3-1c0b-4b54-979b-e98f7a0b5ba5
1600,33ff8b82-6d15-45f7-8f5f-83a6d4f54be7
1601,a136fd3a-6705-476d-b8c3-9f2772f67617
1602,52ce5e1e-5e57-4a0d-8297-9b4d15ac2f9c
1603,2a94de5c-7719-41b5-96b4-2f4ca04e87d3
1604,ZAEU-10-48579-PRO-VY7MH3
1605,84537d1e-43d4-46fc-8922-af2d021bf879
1606,4366ee9a-2c12-4557-b252-ca9aff37954c
1607,238483fc-313d-4b20-a561-b450e676b05f
1608,d6f52ee1-8ee6-469f-b07d-91772cf41e10
1609,ab17e122-3ef3-420d-b090-52aa67465f49
1610,6e64e934-0064-4adc-baef-e7931191f24f
1611,19959e61-c871-41d2-aa24-3844cadb43ee
1612,FR-130005457-201808290955-1743_Carte_LIVE_Rohrschollen_L1
1613,6c2b7013-30fb-47fc-983e-913d0c58fc70
1614,FR-130005457-201808290955-1828_ScanHisto_LIVE_Rohrschollen_L1
1615,e7f67b3e-5f20-4d05-8960-3d00414d6691
1616,3305a328-a41f-425f-ba3e-561cdc287479
1617,4df83a57-d862-408d-acb0-cd2582d3d3a4
1618,FR-18008901306731-2018-10-30-03
1619,4b9ef347-1d66-46c7-85cd-a8e7a1ee00f1
1620,FR-18008901306731-2018-10-30-02
1621,be1b6015-b87d-4ce7-84eb-9fa08151656f
1622,ad2d43f4-97b3-4035-adce-262e9f89bbaa
1623,341a914c-46f8-4ee8-9e99-911157e142a0
1624,b35453fb-7259-4ff5-8eec-f87dbb013153
1625,fd98468e-5ab3-46a4-9a1a-8682a3a3e236
1626,f31c9e2c-256f-4e81-9ca5-ef394127c7ee
1627,5e3ad4f3-6323-4a86-829e-fad80e8c0e21
1628,FR-130005457-201808290955-1778_ScanHisto_LIVE_Rohrschollen_L1
1629,0e240013-af8d-456e-9152-9380791e6445
1630,d14a69d6-2ef8-4793-88ca-1a53bfe05d7f
1631,0214dee0-5e7c-4c37-b0b0-e53e2dfb7444
1632,6ceef4db-c5d6-4f43-8f82-922f66a7a06b
1633,37d3a8f5-5c87-4e16-998e-674c8151e252
1634,1386068e-0034-4cff-a31c-f59e5f974aaf
1635,4709693a-4f95-4db9-8e73-1a2e77262978
1636,4ec5fdfb-b622-4a28-9eb5-507b818f4966
1637,dfc3beee-f992-4344-8ff9-da8c852cda8e
1638,7e7b0ef8-096a-45e0-ad72-f74b4a51812f
1639,1e6e68aa-e4f4-4c4c-b6bd-7002e212b4c8
1640,91f4c96e-e598-4e96-a08f-aee5f42c5144
1641,EAT_Aisne_Evergnicourt_Oise_1825
1642,ae9e6555-2af7-4312-8476-fd3d2cad71b2
1643,83ed6038-6003-4664-ad8b-4148b52e8a2d
1644,d9db37fc-155d-4336-98a6-2fe0df890b39
1645,7575e54d-f245-49ce-84e1-99511f03b18b
1646,6b53f2c1-73b4-4db3-9c8b-b7a3f31cc093
1647,489ce781-6205-4bea-a9c6-c53590430732
1648,ZAEU_FR-2020-frise-rohrschollen
1649,c424c00b-72a0-49f6-bb55-9927b27e59e4
1650,d307c074-2133-469f-bf61-63a963437520
1651,bf742541-472f-48e0-b17b-5e2cebaf4116
1652,bde78140-1a0a-498e-97a2-c2416eb3f2e9
1653,8edd63fd-b183-431b-b26b-e96f34aa8768
1654,7c6077f6-2387-48f8-adbf-07213193ae06
1655,5e80fd6d-c402-454e-b4fe-e305a1c1a2c9
1656,9845ae1e-c7e5-428a-9fc8-be30b4200992
1657,fdb2ac5d-2720-4222-932b-d9e691fc9315
1658,FR-18008901306731-2016-03-23
1659,ca298fc8-96ab-45d2-86ba-91f069e349db
1660,eabd7b8a-56f9-467f-b07b-3856bae30231
1661,5aae8bde-1b08-4cc4-a285-4fd38e67bdaa
1662,4cca25f5-e157-4dc9-bd2f-6e50e8a4ed0d
1663,0c8b0836-cc69-4a91-b943-f29646374a63
1664,8f903059-74b4-4f63-b320-51d9dd28dbbc
1665,0ed366a7-4dfd-47a4-90d0-0963153ff561
1666,fc21cf4d-92de-4544-9cf4-d93ff35c43ad
1667,f51a3f98-a799-435d-a181-70dee40f745c
1668,72361614-a47a-4544-add1-e0a7be73b7b3
1669,7af57547-9978-46fb-a245-c4600be1c316
1670,2f7240e1-3049-43ab-a93e-326403999fc3
1671,c915fedf-1fcf-4049-aa6d-8dfaab076fa2
1672,7a40a6b5-d2fa-49a5-aec9-766091d7e530
1673,2367b62b-ec8d-4956-9a67-93605b97ac2c
1674,FR-18008901306731-2016-03-15
1675,FR-18008901306731-2016-03-11
1676,c4781cf2-7e15-463f-900c-c6050a209c20
1677,77d0ba61-caf1-4fca-839b-601df8288567
1678,1fea42e2-8e72-4234-ae9c-fdc065ff66f9
1679,f8e2b36b-e61e-4596-b964-dba23211bc71
1680,44172329-8b8e-4e8e-ac66-cd8820b7938d
1681,d6f8ae00-86af-4b9f-ac74-9a31036d79a5
1682,61fea0ee-0cde-4340-b5d0-ecac26382412
1683,598c3f46-8ec3-4552-89f5-bbce30e00abe
1684,274b92f4-1dbc-4e49-a2aa-afe0f02dd2c6
1685,6c92af24-7d22-45c3-b687-012797c5617e
1686,b474b557-0434-4a79-b38f-648ec3e636ab
1687,8c4fdc31-d055-495e-ac71-d4e5bdbf1f84
1688,FR-18008901306731-2016-12-19-03
1689,67ce0a03-877e-47ee-b3c9-5246ba75edae
1690,FR-18008901306731-2016-12-19-04
1691,272ac1c7-15ab-40c4-ab92-9ffd2ad16ad3
1692,1df94e29-b4ab-4d90-9068-d4b279c01b59
1693,7b90fbc3-77f0-4e09-8643-025f74f7b17c
1694,d7f6e661-90b2-46ce-9e9d-fdf94314a082
1695,1faa6d5b-b0b7-4349-bf46-7917846663e4
1696,39d92b47-77a7-4b0c-83a6-4772d4e87b5e
1697,FR-18008901306731-2015-03-01
1698,9f53e83d-ae28-4e32-bcd2-a2a1ecb5a449
1699,9fd72f6a-3014-482b-b5de-64d08aa9898a
1700,f582e887-295b-4cce-b854-01ece540d26b
1701,FR-18008901306731-2015-03-04
1702,d91559c7-9342-4ff7-bf24-ee78bec7d50d
1703,a980d999-bcd1-4d89-9076-7f0f74c3ac91
1704,FR-18008901306731-2015-03-09
1705,FR-18008901306731-2015-03-08
1706,c19e9b07-835c-4f45-a89f-0743dec61d1c
1707,dfbaa674-c183-4200-b385-584e87e19176
1708,33e03195-a732-4bfc-a95f-8079f9539ead
1709,2ce3f992-3453-4ee4-9063-5072958a3977
1710,79fbe4b9-20a8-41ea-80c1-bc55ba909d5c
1711,5f1d557c-a355-40e4-999f-552643dd4cb7
1712,3e50aa97-1250-4149-8dad-571f6eb5608b
1713,a34f1a52-3ac7-4059-b8fa-4dc46a45ee07
1714,7dd32711-fac3-4265-bc7b-8c528897d92c
1715,fa9300d7-a1f0-497a-84fc-ee05661427c0
1716,090fe317-a59b-43c2-85ac-bf5c761080b2
1717,fc9d35b5-3137-4b39-86ad-4a853cb2b812
1718,64a82ffb-a51f-4142-84b1-aab820194bcc
1719,c711d8e3-86f1-4d34-a7d4-6ee3b8869693
1720,84c9e2e1-2734-4b8c-8e0f-a62210275e1b
1721,7f692769-9d71-4b24-92dd-85a3f955dcec
1722,eeac909b-7b7d-4eb9-894f-fbe3f221e3ae
1723,3c81d163-d656-441c-ad86-4c76a40b5757
1724,81d567de-0b18-45c3-9cb0-287d78b60309
1725,2d163d28-9923-4225-a94d-efa4e97489c8
1726,e7bc40a0-83f1-4374-93f6-5fb813a3abde
1727,4d3c2737-6389-430e-a06d-81a05ef7a57e
1728,18786f42-a453-414e-84b0-7495e68485df
1729,52f8bce7-6ffd-4d7e-80ea-f064f7da10d9
1730,d30af8f7-ce84-41b6-8597-6f66a6078a1f
1731,1e367f75-3bba-4d50-977b-0d5ef0d66cdb
1732,9bb70940-060b-423a-acb9-8f88d515c676
1733,a14849fe-79f4-4da2-824d-a9883be0835b
1734,FR-18008901306731-2017-01-20-03
1735,131a44e4-abba-4c15-85ac-14cef57ca5b4
1736,FR-18008901306731-2017-01-20-06
1737,FR-18008901306731-2017-01-20-02
1738,99f7829a-59e0-43c8-b86c-fc066187f91a
1739,FR-18008901300700-CEBC-2018_botanique_agripop_ZAPlaineVal2Sevre
1740,8a37349a-2b4c-4e90-99e1-06552785b7a5
1741,6b85cf19-246b-4173-821c-7dcc8c398c36
1742,7501f621-c3bf-4834-aec9-a212f124d6eb
1743,7d3c5088-b286-44fb-9f24-231b7bf1b262
1744,FR-18008901306731-2017-02-07-07
1745,6a8a9958-27d3-4767-a749-37bbcd21714a
1746,e8b2d321-1707-4454-8c65-67ef375ead51
1747,FR-18008901306731-2017-02-07-02
1748,FR-18008901306731-2017-02-07-06
1749,6efe853f-8c8e-4a0f-aa12-2fc4607b028e
1750,FR-18008901306731-2017-02-07-05
1751,2c35db32-1989-46c2-acb4-edf48804ef25
1752,7222c9f3-c7ad-48be-bcea-080f653ecaa3
1753,FR-18008901306731-2017-01-19-04
1754,616e23f2-68e2-4fcf-a6d2-9d7819839408
1755,FR-18008901306731-2017-01-19-02
1756,d2c0710f-a02f-4d0b-84cc-e7b42495d1e5
1757,FR-18008901306731-2017-01-19-05
1758,41d86c18-ef66-47ff-b228-8b0e8452a094
1759,9fa3f16f-96b4-4a49-87bc-1e31e28472f9
1760,53686551-1226-43c6-991b-70e7f623f86a
1761,aecec5e3-ef87-4b0c-bce6-1519cffaf937
1762,23ad472d-c186-4b14-8631-01b3d5016afc
1763,0af16c32-bd89-4896-acdf-2a0d00afb9c0
1764,259ba1e7-f281-4b49-96bc-dd951e6e94ba
1765,73294822-b55a-4e7f-bf49-e75fc659382a
1766,FR-18008901306731-2017-02-07-10
1767,4c49054e-27f7-4a93-9bf5-075e6afca9ac
1768,b6b7eb1b-0990-48d0-a8f8-02e27cd1367f
1769,f4f86354-1a49-4c2f-9fce-0e5ffe49371e
1770,8f6096d2-ab7b-43e6-ba02-de090dd1d38f
1771,826dce44-b14a-42f5-bbbb-71ac0f5382b4
1772,e9545a9d-294d-43a9-8598-5a4bde465319
1773,FR-130005457-201808290955-1743_OCS_LIVE_Rohrschollen_L1
1774,49ba5401-9a13-4ce6-9c1d-4c7193de1093
1775,9d4e40c6-2440-4761-86d1-1372d39105e7
1776,5d2b784a-e064-4bcd-b81e-452c8fdf406c
1777,0db613e4-ffdd-498f-929a-7d29eec90b8f
1778,c2b99242-1349-4bd9-bab1-5874e5540281
1779,FR-18008901300700-CEBC-2016_microparcelles_ZAPlaineVal2Sevre
1780,c1b6fdb9-4d71-4d7c-9bbf-ac5ba54dd1ec
1781,2307b64e-502c-4239-a237-c764d8e0baed
1782,5bf28244-344f-43d5-82c2-c06a3786cace
1783,FR-18008901306731-2019-03-29
1784,ZATU_FR-2018-GvtA5oqdr6jR_071613H57M33S
1785,2d05d7df-0496-44fd-b5e6-85939dddd96b
1786,5f1777ce-e147-427a-9d9a-14761f31b07c
1787,d9cd9031-02f7-4224-9006-e866b2401fff
1788,74a31d6b-9415-452e-b346-79337385583f
1789,2d53b726-ea4b-4506-832e-565aafa4af6c
1790,1bbeb3b5-a278-4af6-b0f0-31c43aa21d56
1791,FR-18008901306731-2017-01-20-07
1792,FR-18008901306731-2017-01-20-08
1793,7ff0fe0f-220d-46c0-bc93-85a25e772264
1794,cc4b7bcb-fd0b-4913-8163-b9f29b941022
1795,8965a897-538d-4bd7-939f-18d23a72c3e2
1796,caf3b212-878e-4224-be0b-cdd9baac07c0
1797,71942d60-75a5-48db-918c-43c5b93bbbe6
1798,07abb3da-c50b-42c0-96da-bf8fef45a2cd
1799,b0210620-7121-4006-85c9-ec3309725649
1800,e6f97f72-96b3-4daa-baea-159b54dcabc6
1801,c01bf30d-870c-43b5-afa8-03db4d1c24af
1802,1073a1b0-8599-4362-8ba8-7816df67f0ba
1803,1606211754672-1
1804,c0f57754-7ea9-45b7-9107-f31664a9ff1f
1805,9bc0583a-8cbb-4dbf-ba3f-fe715264bbff
1806,c3651c81-464b-49ad-907d-81b2ebd0335f
1807,ddd8e081-8398-4b85-9fbf-01446b473979
1808,4d7181ff-fae3-41fb-9abc-c2dd4da624e3
1809,9fc7d960-651f-43e0-9cfd-512e60a8d689
1810,72753bf4-45dc-4ae5-bccd-d3fe632dac6a
1811,4154121d-404e-4828-8502-45731e4822a1
1812,413f2563-56d8-4ae9-9a70-5f92b7ebfc6a
1813,70bdd464-9378-48a8-9843-fa662e8e8b8b
1814,0d43d669-e641-4d8f-8391-9b19f05cfceb
1815,cd89e128-0dc2-4f43-950f-547faf4c06b1
1816,0c961e37-9406-48d7-b8cd-07fc748d238e
1817,5bbff0d5-f7fc-4357-8912-7698eda4d2fe
1818,f090349a-6092-4f9b-af6e-96af81e6fe46
1819,01e46ced-6d13-4610-a070-46ac7361e8e5
1820,f226d6a2-7209-47ae-86f7-9ac340190eec
1821,b3877cbd-abf6-4483-ac07-2d945653a465
1822,78f93047-74f8-4419-ac3d-fc62e4b0477b
