,uuid,nb_champs_renseign√©s
0,FR-130005457-201808290955-1838_Carte_LIVE_Rohrschollen_L1,19.0
1,FR-130005457-201808290955-1828_Carte_LIVE_Rohrschollen_L1,19.0
2,FR-130005457-201808290955-1778_Carte_LIVE_Rohrschollen_L1,19.0
3,FR-130005457-201808290955-1778_OCS_LIVE_Rohrschollen_L1,19.0
4,FR-130005457-201808290955-1828_OCS_LIVE_Rohrschollen_L1,19.0
5,FR-130005457-201808290955-1838_OCS_LIVE_Rohrschollen_L1,19.0
6,FR-130005457-201808290955-1743_ScanHisto_LIVE_Rohrschollen_L1,19.0
7,FR-130005457-201808290955-1778_ScanHisto_LIVE_Rohrschollen_L1,19.0
8,FR-130005457-201808290955-1828_ScanHisto_LIVE_Rohrschollen_L1,19.0
9,FR-130005457-201808290955-1872_ScanHisto_LIVE_Rohrschollen_L1,19.0
10,FR-130005457-201808290955-1838_ScanHisto_LIVE_Rohrschollen_L1,19.0
11,FR-130005457-201808290955-1926_ScanHisto_LIVE_Rohrschollen_L1,19.0
12,FR-130005457-201808290955-1926_Carte_LIVE_Rohrschollen_L1,19.0
13,FR-130005457-201808290955-1872_Carte_LIVE_Rohrschollen_L1,19.0
14,FR-130005457-201808290955-1872_OCS_LIVE_Rohrschollen_L1,19.0
15,FR-130005457-201808290955-1949_Carte_LIVE_Rohrschollen_L1,19.0
16,FR-130005457-201808290955-1949_OCS_LIVE_Rohrschollen_L1,19.0
17,FR-130005457-201808290955-1926_OCS_LIVE_Rohrschollen_L1,19.0
18,FR-130005457-201808290955-2014_OCS_Limites_Etude_LIVE_Rohrschollen_L1,19.0
19,FR-130005457-201808290955-2017_Evolution diachronique_LIVE_Rohrschollen_L1,19.0
20,FR-130005457-201808290955-1949_Orthophoto_LIVE_Rohrschollen_L1,19.0
21,FR-130005457-201808290955-2010_Carte_LIVE_Rohrschollen_L1,19.0
22,FR-130005457-201808290955-2010_OCS_LIVE_Rohrschollen_L1,19.0
23,FR-130005454-201809241150-1964_Orthophoto_LIVE_0m2_EMS_CC48,19.0
24,FR-130005454-201809241230-1978_Orthophoto_LIVE_0m3_EMS_CC48,19.0
25,FR-130005457-201808290955-1743_Carte_LIVE_Rohrschollen_L1,19.0
26,FR-130005457-201808290955-1743_OCS_LIVE_Rohrschollen_L1,19.0
27,12c4141e-2cdd-40a0-bf62-83ef3335f695,25.0
28,40033ae2-ff5c-4dbf-9336-7818fb2850f9,20.0
29,24e1e497-14b1-4940-8407-87bf4824abee,20.0
30,2cd3b222-e61e-40a4-9788-d7997145b198,24.0
31,3e596704-d16b-4a31-9f3b-18fd2f375c05,22.0
32,279949bb-76ec-4765-a1d7-555034aab5fd,18.0
33,20ed0a73-1020-40e6-870d-baf5309c7c71,18.0
34,3fdc6506-dfcd-4b30-918e-b8797ffb223d,18.0
35,0e06a107-36a2-4b77-a6b6-03a815fc85e0,22.0
36,11b081b9-3bf2-451b-aff8-5de355da4018,21.0
37,45807291-a2c1-417b-b189-935eba4719d1,24.0
38,50ce1228-75f6-40da-891f-5c8c28eac897,22.0
39,447cb9ef-6329-40b7-9715-c7fa695a429e,17.0
40,401834c9-ef76-429f-a9d6-3146b66f8417,22.0
41,5a38e56f-46c1-4833-83cf-4968047421b4,17.0
42,4de7b0aa-d67e-4ce5-bd8e-825ba144edc6,18.0
43,5442acb1-6819-4195-9c49-f5771786d81a,18.0
44,493a9c6b-25f8-408a-8c7b-58d29ef4c5aa,17.0
45,532888ef-7aae-4614-ae33-46972b38bb7e,17.0
46,852b0977-adcb-4719-8bfa-364cbb59b3bc,21.0
47,84e7a32a-0ddd-47e8-a382-d65a7c90d5a4,21.0
48,8810aa91-d346-46bf-9301-563dc29117cd,21.0
49,ZAATEMPSOL_35ed9c0b-903a-46d7-a494-684e246d1120,27.0
50,ZAATEMPSOL_6dd55350-dc90-4a60-9303-a6300a8cff8d,27.0
51,7b3e7ddd-641d-4bca-924f-7d12d8c09dac,18.0
52,69eb3786-4100-4ee2-b715-d2058b178537,18.0
53,7b90fbc3-77f0-4e09-8643-025f74f7b17c,18.0
54,8f293516-8215-4ae2-b09c-278047c7446a,18.0
55,a3c269ba-8b6f-46f4-b044-73ce79dd1a79,23.0
56,ZAATEMPSOL_c2cb2c71-b345-48f5-8f74-cc4fc0bbdf5e,27.0
57,ZAATEMPSOL_83279cba-977b-4b2c-a285-13a395bf9e5c,27.0
58,ZAATEMPSOL_de36ee28-5b14-48eb-aff3-f0208fe1e773,27.0
59,ZAATEMPSOL_77b72768-41e8-4f4f-8e83-49a184b77df6,27.0
60,ZAATEMPSOL_d3119b1f-65d1-4164-afa6-39b24204bc91,27.0
61,ZAATEMPSOL_d7399336-ed6f-44f4-97e2-8c92971efd21,25.0
62,aa99b848-f0fe-497f-873c-e875f77735ef,17.0
63,f36291be-7985-41d4-9a00-9983d26aa4bb,20.0
64,ee19974d-36a4-4803-89a5-2637eb6d58d9,25.0
65,c4c7948a-5f11-4da0-b72d-705008c9bf2c,26.0
66,e64e2bfe-b75c-4a53-834e-727b0b8c3e07,20.0
67,c424c00b-72a0-49f6-bb55-9927b27e59e4,18.0
68,aecec5e3-ef87-4b0c-bce6-1519cffaf937,18.0
69,b191d579-5c3a-49ed-860d-381e0186c80d,21.0
70,f1a01969-cb3b-45bf-ab16-5c35ca9fdd58,17.0
71,ead8e65d-d41c-4507-8102-dc6619ac06b6,16.0
72,f5e3f5b8-dcfb-4a95-b409-bc8d9fc724fa,24.0
73,f4204146-a378-442b-b7c9-79cd2ca090f0,21.0
74,f69a83e2-264b-4b18-9e3c-aa204ed3abd6,24.0
75,ZAATEMPSOL_a401f680-65d2-436b-9c00-8e787944881d,27.0
76,fd98468e-5ab3-46a4-9a1a-8682a3a3e236,18.0
77,fd4c8bcb-8131-4dc0-b95b-e052dd5e8323,17.0
78,f6c60c9a-19ca-42dd-849e-b85de91400e7,17.0
79,8bebd265-4630-4ea9-ab9f-6d03ab6537c7,17.0
80,90d6f019-55aa-48a3-ad6c-9f0b570f3a76,17.0
81,448f8ec5-af62-460c-9d68-31b3498b8634,16.0
82,93744504-d937-4726-9e85-9cefaf811a50,16.0
83,3b719c91-782e-43a5-9960-d0d431d92fc8,13.0
84,b6c5129d-7af6-4565-bd5c-a49aebe6d78f,10.0
85,cc67904e-c4aa-4e3c-8a2b-5c1d073c72d0,6.0
86,6b43260a-60ca-49bb-9745-6e75902ba026,24.0
87,09aaa744-e85e-4109-8b08-f12e62d5bd60,16.0
88,2117c545-8a5c-4255-921e-d03e4f317e3a,19.0
89,19249ecd-0c60-41eb-9b38-321ca7440201,38.0
90,fb2b13c0-eb35-4b72-804a-33bd1c1845c3,27.0
91,382f889c-68d4-44dc-8445-0c595681ce87,11.0
92,ca54a629-e7fb-499a-8249-970d3dcc610f,36.0
93,26da1117-79fd-4d29-8ff6-6392bf3f2cb7,27.0
94,1ebb9e93-6c1a-4c13-9ebb-d916c195a1c3,18.0
95,921f02c2-6e21-430d-aa65-2f497601ce5a,17.0
96,28d53b0b-231b-45e0-97bd-3ff48573f23a,27.0
97,99ad12c0-0590-403f-90de-f89aba468918,17.0
98,acb6602e-42f0-4da1-b1b5-86c13bfe227e,24.0
99,bf81fefc-befd-4842-979b-0af9d961bb90,16.0
100,b7cb4c9a-02b7-4526-b286-40430ba5137e,19.0
101,7915f8ed-fb02-4483-9fee-ebf6c3670218,16.0
102,f8778711-cac6-4497-8864-caf9996a79fe,38.0
103,7aac0838-4454-4043-b0b3-0c5941e21042,11.0
104,6028236d-d177-4322-9e32-bc351e983930,36.0
105,f192a721-82f4-4865-8723-3d4558e82d0a,27.0
106,7a6ede9d-d1ff-4e41-9b81-b0f9aa050c04,10.0
107,9b2a0788-1a66-4d1c-b93a-44f08ff60bae,16.0
108,40fafa2d-0725-4fac-820e-962446e8265e,13.0
109,bf11faa9-4870-497c-9f25-68d02dfaa879,18.0
110,95b5fd6a-ec39-4eac-8626-c1b3dea705a5,17.0
111,016e4903-7cbc-435e-bc4b-b7434fb67799,6.0
112,oai:search-data.ubfc.fr:FR-18008901306731-2020-11-12,17.0
113,oai:search-data.ubfc.fr:FR-18008901306731-2017-09-19,17.0
114,oai:search-data.ubfc.fr:FR-18008901306731-2017-02-15-08,17.0
115,oai:search-data.ubfc.fr:FR-18008901306731-2017-02-15-09,17.0
116,oai:search-data.ubfc.fr:FR-18008901306731-2017-02-15-06,17.0
117,oai:search-data.ubfc.fr:FR-18008901306731-2017-02-15-07,17.0
118,oai:search-data.ubfc.fr:FR-18008901306731-2017-02-15-04,16.0
119,oai:search-data.ubfc.fr:FR-18008901306731-2017-01-31-02,17.0
120,oai:search-data.ubfc.fr:FR-18008901306731-2017-01-19,16.0
121,oai:search-data.ubfc.fr:FR-18008901306731-2017-01-13,17.0
122,oai:search-data.ubfc.fr:FR-18008901306731-2017-01-15,17.0
123,oai:search-data.ubfc.fr:FR-18008901306731-2017-02-09-03,17.0
124,oai:search-data.ubfc.fr:FR-18008901306731-2021-04-22-02,17.0
125,oai:search-data.ubfc.fr:FR-18008901306731-2017-01-10,16.0
126,oai:search-data.ubfc.fr:FR-18008901306731-2017-02-09-04,17.0
127,oai:search-data.ubfc.fr:FR-18008901306731-2017-01-12,17.0
128,oai:search-data.ubfc.fr:FR-18008901306731-2018-12-03,17.0
129,oai:search-data.ubfc.fr:FR-18008901306731-2021-01-26,17.0
130,oai:search-data.ubfc.fr:FR-18008901306731-2017-02-09-07,17.0
131,oai:search-data.ubfc.fr:FR-18008901306731-2017-10-17-02,17.0
132,oai:search-data.ubfc.fr:FR-18008901306731-2016-02-15,17.0
133,oai:search-data.ubfc.fr:FR-18008901306731-2017-02-09-05,17.0
134,oai:search-data.ubfc.fr:FR-18008901306731-2017-09-11,17.0
135,oai:search-data.ubfc.fr:FR-18008901306731-2017-02-09-06,17.0
136,oai:search-data.ubfc.fr:FR-18008901306731-2021-07-16,17.0
137,oai:search-data.ubfc.fr:FR-18008901306731-2019-05-09,17.0
138,oai:search-data.ubfc.fr:FR-18008901306731-2017-02-10-03,17.0
139,oai:search-data.ubfc.fr:FR-18008901306731-2017-02-10-04,17.0
140,oai:search-data.ubfc.fr:FR-18008901306731-2017-02-10-05,17.0
141,oai:search-data.ubfc.fr:FR-18008901306731-2017-02-10-06,17.0
142,oai:search-data.ubfc.fr:FR-18008901306731-2018-05-16,17.0
143,oai:search-data.ubfc.fr:FR-18008901306731-2017-02-10-02,17.0
144,oai:search-data.ubfc.fr:FR-18008901306731-2016-02-01,16.0
145,oai:search-data.ubfc.fr:FR-18008901306731-2018-10-30-03,17.0
146,oai:search-data.ubfc.fr:FR-18008901306731-2017-01-25,17.0
147,oai:search-data.ubfc.fr:FR-18008901306731-2017-01-26,17.0
148,oai:search-data.ubfc.fr:FR-18008901306731-2018-10-30-02,17.0
149,oai:search-data.ubfc.fr:FR-18008901306731-2017-01-13-02,17.0
150,oai:search-data.ubfc.fr:FR-18008901306731-2017-01-20,17.0
151,oai:search-data.ubfc.fr:FR-18008901306731-2016-02-09,17.0
152,oai:search-data.ubfc.fr:FR-18008901306731-2017-01-23,16.0
153,oai:search-data.ubfc.fr:FR-18008901306731-2017-01-20-03,16.0
154,oai:search-data.ubfc.fr:FR-18008901306731-2017-12-05,17.0
155,oai:search-data.ubfc.fr:FR-18008901306731-2017-01-20-06,17.0
156,oai:search-data.ubfc.fr:FR-18008901306731-2022-03-30,17.0
157,oai:search-data.ubfc.fr:FR-18008901306731-2017-01-20-02,16.0
158,oai:search-data.ubfc.fr:FR-18008901306731-2019-05-10,17.0
159,oai:search-data.ubfc.fr:FR-18008901306731-2017-02-07-07,17.0
160,oai:search-data.ubfc.fr:FR-13002091000019-2023-03-07-02,17.0
161,oai:search-data.ubfc.fr:FR-13002091000019-2023-03-07-03,17.0
162,oai:search-data.ubfc.fr:FR-18008901306731-2017-02-10-07,17.0
163,oai:search-data.ubfc.fr:FR-18008901306731-2017-02-10-09,16.0
164,oai:search-data.ubfc.fr:FR-13002091000019-2022-09-02,15.0
165,oai:search-data.ubfc.fr:FR-18008901306731-2017-02-07-02,17.0
166,oai:search-data.ubfc.fr:FR-18008901306731-2017-03-14,17.0
167,oai:search-data.ubfc.fr:FR-18008901306731-2016-01-25,15.0
168,oai:search-data.ubfc.fr:FR-18008901306731-2017-02-07-06,17.0
169,oai:search-data.ubfc.fr:FR-18008901306731-2017-03-10,17.0
170,oai:search-data.ubfc.fr:FR-18008901306731-2022-04-01,17.0
171,oai:search-data.ubfc.fr:FR-18008901306731-2017-02-07-05,17.0
172,oai:search-data.ubfc.fr:FR-18008901306731-2017-01-19-04,17.0
173,oai:search-data.ubfc.fr:FR-18008901306731-2017-02-16-02,16.0
174,oai:search-data.ubfc.fr:FR-13002091000019-2023-03-07,17.0
175,oai:search-data.ubfc.fr:FR-18008901306731-2017-01-19-02,17.0
176,oai:search-data.ubfc.fr:FR-13002091000019-2023-04-13-02,17.0
177,oai:search-data.ubfc.fr:FR-18008901306731-2016-09-12,17.0
178,oai:search-data.ubfc.fr:FR-18008901306731-2017-01-25-06,17.0
179,oai:search-data.ubfc.fr:FR-18008901306731-2017-01-19-05,17.0
180,oai:search-data.ubfc.fr:FR-18008901306731-2017-01-25-04,17.0
181,oai:search-data.ubfc.fr:FR-18008901306731-2017-01-25-05,17.0
182,oai:search-data.ubfc.fr:FR-18008901306731-2016-12-29-05,16.0
183,oai:search-data.ubfc.fr:FR-18008901306731-2017-01-25-02,17.0
184,oai:search-data.ubfc.fr:FR-18008901306731-2017-01-25-03,16.0
185,oai:search-data.ubfc.fr:FR-18008901306731-2016-12-29-02,17.0
186,oai:search-data.ubfc.fr:FR-18008901306731-2017-02-27-04,16.0
187,oai:search-data.ubfc.fr:FR-13002091000019-2022-11-21,17.0
188,oai:search-data.ubfc.fr:FR-18008901306731-2015-07-06,16.0
189,oai:search-data.ubfc.fr:FR-18008901306731-2017-02-07-10,17.0
190,oai:search-data.ubfc.fr:FR-18008901306731-2017-02-27-08,17.0
191,oai:search-data.ubfc.fr:FR-18008901306731-2017-02-27-07,16.0
192,oai:search-data.ubfc.fr:FR-18008901306731-2022-03-24,17.0
193,oai:search-data.ubfc.fr:FR-18008901306731-2017-01-26-05,17.0
194,oai:search-data.ubfc.fr:FR-18008901306731-2017-01-26-06,17.0
195,oai:search-data.ubfc.fr:FR-18008901306731-2017-03-10-03,17.0
196,oai:search-data.ubfc.fr:FR-18008901306731-2021-03-01,17.0
197,oai:search-data.ubfc.fr:FR-18008901306731-2017-01-26-03,17.0
198,oai:search-data.ubfc.fr:FR-18008901306731-2022-04-01-02,17.0
199,oai:search-data.ubfc.fr:FR-18008901306731-2022-04-01-03,17.0
200,oai:search-data.ubfc.fr:FR-18008901306731-2017-01-26-02,17.0
201,oai:search-data.ubfc.fr:FR-18008901306731-2016-12-14,17.0
202,oai:search-data.ubfc.fr:FR-18008901306731-2020-11-12-02,17.0
203,oai:search-data.ubfc.fr:FR-18008901306731-2016-03-23,15.0
204,oai:search-data.ubfc.fr:FR-18008901306731-2017-01-12-02,17.0
205,oai:search-data.ubfc.fr:FR-18008901306731-2017-02-27,16.0
206,oai:search-data.ubfc.fr:FR-18008901306731-2016-09-06,16.0
207,oai:search-data.ubfc.fr:FR-18008901306731-2017-12-05-05,17.0
208,oai:search-data.ubfc.fr:FR-18008901306731-2017-01-23-06,17.0
209,oai:search-data.ubfc.fr:FR-18008901306731-2017-01-23-02,16.0
210,oai:search-data.ubfc.fr:FR-18008901306731-2017-01-23-05,17.0
211,oai:search-data.ubfc.fr:FR-18008901306731-2017-01-23-04,17.0
212,oai:search-data.ubfc.fr:FR-18008901306731-2019-03-29,16.0
213,oai:search-data.ubfc.fr:FR-18008901306731-2021-07-21-02,17.0
214,oai:search-data.ubfc.fr:FR-18008901306731-2016-12-27-03,17.0
215,oai:search-data.ubfc.fr:FR-18008901306731-2020-03-23,17.0
216,oai:search-data.ubfc.fr:FR-18008901306731-2016-03-15,17.0
217,oai:search-data.ubfc.fr:FR-18008901306731-2016-03-11,16.0
218,oai:search-data.ubfc.fr:FR-18008901306731-2016-09-09-03,16.0
219,oai:search-data.ubfc.fr:FR-18008901306731-2017-02-08-03,17.0
220,oai:search-data.ubfc.fr:FR-18008901306731-2017-01-20-07,17.0
221,oai:search-data.ubfc.fr:FR-18008901306731-2017-01-20-08,17.0
222,oai:search-data.ubfc.fr:FR-18008901306731-2017-02-17-04,17.0
223,oai:search-data.ubfc.fr:FR-18008901306731-2015-07-06-20,17.0
224,oai:search-data.ubfc.fr:FR-18008901306731-2016-11-23,17.0
225,oai:search-data.ubfc.fr:FR-18008901306731-2017-02-17-02,17.0
226,oai:search-data.ubfc.fr:FR-18008901306731-2021-07-21,17.0
227,oai:search-data.ubfc.fr:FR-18008901306731-2017-01-24-03,17.0
228,oai:search-data.ubfc.fr:FR-18008901306731-2017-01-24-05,17.0
229,oai:search-data.ubfc.fr:FR-18008901306731-2017-07-21-07,17.0
230,oai:search-data.ubfc.fr:FR-18008901306731-2020-08-28,17.0
231,oai:search-data.ubfc.fr:FR-18008901306731-2017-01-24-02,17.0
232,oai:search-data.ubfc.fr:FR-18008901306731-2017-02-03-02,16.0
233,oai:search-data.ubfc.fr:FR-18008901306731-2017-02-07,17.0
234,oai:search-data.ubfc.fr:FR-18008901306731-2017-02-09,17.0
235,oai:search-data.ubfc.fr:FR-18008901306731-2017-01-04-02,16.0
236,oai:search-data.ubfc.fr:FR-18008901306731-2017-02-03,17.0
237,oai:search-data.ubfc.fr:FR-18008901306731-2017-02-06,17.0
238,oai:search-data.ubfc.fr:FR-18008901306731-2017-01-04-03,17.0
239,oai:search-data.ubfc.fr:FR-18008901306731-2016-05-26,17.0
240,oai:search-data.ubfc.fr:FR-13002091000019-2023-01-24,16.0
241,oai:search-data.ubfc.fr:FR-18008901306731-2016-12-19-03,17.0
242,oai:search-data.ubfc.fr:FR-18008901306731-2016-12-19-04,17.0
243,oai:search-data.ubfc.fr:FR-18008901306731-2017-01-15-02,17.0
244,oai:search-data.ubfc.fr:FR-18008901306731-2015-03-08-02,16.0
245,oai:search-data.ubfc.fr:FR-13002091000019-2023-04-11,17.0
246,oai:search-data.ubfc.fr:FR-18008901306731-2016-09-07-02,16.0
247,oai:search-data.ubfc.fr:FR-18008901306731-2015-03-01,16.0
248,oai:search-data.ubfc.fr:FR-18008901306731-2017-02-15,16.0
249,oai:search-data.ubfc.fr:FR-18008901306731-2017-02-17,17.0
250,oai:search-data.ubfc.fr:FR-18008901306731-2015-03-04,17.0
251,oai:search-data.ubfc.fr:FR-18008901306731-2017-02-16,17.0
252,oai:search-data.ubfc.fr:FR-18008901306731-2017-02-10,17.0
253,oai:search-data.ubfc.fr:FR-18008901306731-2015-03-09,16.0
254,oai:search-data.ubfc.fr:FR-18008901306731-2015-03-08,17.0
255,oai:search-data.ubfc.fr:FR-18008901306731-2016-02-15-20,16.0
256,info:doi:10.24396/ORDAR-128,4.0
257,info:doi:10.24396/ORDAR-72,4.0
258,info:doi:10.24396/ORDAR-73,4.0
259,info:doi:10.24396/ORDAR-71,4.0
260,info:doi:10.24396/ORDAR-76,4.0
261,info:doi:10.24396/ORDAR-77,4.0
262,info:doi:10.24396/ORDAR-74,4.0
263,info:doi:10.24396/ORDAR-75,4.0
264,info:doi:10.24396/ORDAR-58,4.0
265,info:doi:10.24396/ORDAR-59,4.0
266,info:doi:10.24396/ORDAR-78,4.0
267,info:doi:10.24396/ORDAR-56,4.0
268,info:doi:10.24396/ORDAR-79,4.0
269,info:doi:10.24396/ORDAR-19,4.0
270,info:doi:10.24396/ORDAR-112,4.0
271,info:doi:10.24396/ORDAR-110,4.0
272,info:doi:10.24396/ORDAR-116,4.0
273,info:doi:10.24396/ORDAR-115,4.0
274,info:doi:10.24396/ORDAR-114,4.0
275,info:doi:10.24396/ORDAR-113,4.0
276,info:doi:10.24396/ORDAR-139,4.0
277,info:doi:10.24396/ORDAR-6,4.0
278,info:doi:10.24396/ORDAR-5,4.0
279,info:doi:10.24396/ORDAR-8,4.0
280,info:doi:10.24396/ORDAR-7,4.0
281,info:doi:10.24396/ORDAR-62,4.0
282,info:doi:10.24396/ORDAR-119,4.0
283,info:doi:10.24396/ORDAR-67,4.0
284,info:doi:10.24396/ORDAR-143,4.0
285,dc1be3cc-8984-47d4-a33a-d7c7919f6a62,3.0
286,eadaa6aa-aa31-420a-b4bb-f9eb6d3b2ba8,3.0
287,e37f7a41-b543-481a-ac2c-d0bce3b93f39,3.0
288,dca5105d-db8d-4318-92b2-91eced8151f0,3.0
289,e8a064aa-9ad8-46ff-85bb-1d60a5a89043,3.0
290,e242ba5a-f627-4796-a43b-4e550925c53d,3.0
291,dae682de-efa7-4af2-b2f5-5c8f784359c8,3.0
292,fbccbeb1-311d-4563-8083-6f93d6fdc52e,3.0
293,f0955bae-ad5a-4933-b214-96bb0530f0b9,3.0
294,de5e7c54-2b13-445b-a2dc-b8145b846a98,3.0
295,f9cc6337-ad42-45f6-85f4-9d7b7cf88823,3.0
296,e64cc3ba-a485-4d14-97af-f4209177a7b9,3.0
297,ecd3c3a7-58ae-4f11-8cce-8b00d1e506c9,3.0
298,ede0192f-08fb-4dda-89a2-345c13495ef2,3.0
299,efc7971a-6179-411b-af47-1f58eba20bbf,3.0
300,dd569771-dd67-49a0-a20d-32b2e7b84778,3.0
301,ec6ed76f-d6a7-4cde-8256-cfc2c3169360,3.0
302,f1dfb915-f6af-4ed5-9868-6d078e79c7cf,3.0
303,e08b3a98-6b7e-468e-a014-02e4017145b7,3.0
304,d9b459d5-897e-483d-ae40-9306c44a8875,3.0
305,f7a3082b-7e47-4bb1-b6fb-b3db38f2b8ba,3.0
306,edf41306-9e34-4005-a659-e21dbf0e92b3,3.0
307,f5f042af-05f1-4dfc-b463-a96816bea668,3.0
308,e74483fc-6d09-457c-8ffa-967bc4a2d781,3.0
309,f5ceee60-c8db-4a96-a4f4-a7c922b43c8f,3.0
310,e3cb9d6d-c2c4-4354-8afd-571067ca70df,3.0
311,e0d88a30-1803-4a18-a31a-6122377b0acd,3.0
312,f44a57e3-d75c-4d8f-9253-430d699e1369,3.0
313,ea237c15-c54b-4d7b-a8c1-a9ecf8a68545,3.0
314,eac20c96-d3f3-408e-895e-853191be9a85,3.0
315,d869c8a6-c88c-4853-82bb-1522aec80eda,3.0
316,dc971b6b-b9a1-48b7-8eb1-cee86ebe3a83,3.0
317,fb380917-f1e7-429b-b562-6d67dccaa0e6,3.0
318,f20dfd99-722f-4bd8-8011-1b8ba6764071,3.0
319,ef4a7d42-685b-423c-944a-a36b75a017c4,3.0
320,fd1d91aa-b81b-475d-a327-a4d2d79c0d08,3.0
321,fdd7b880-bb64-4192-952c-07bb34a0f2cf,3.0
322,f3c139db-279d-400b-8be2-2afb530fe9e9,3.0
323,dba1b947-dbb8-4688-9a5f-7596db0a88ee,3.0
324,db754b08-9b08-4ec3-8a16-c440139fe31f,3.0
325,fcfc242f-daec-4e54-b7bd-14efd75aa4db,3.0
326,e071c072-0138-4884-9efe-16864ed194c5,3.0
327,f8f5c1ec-df15-4c88-8bad-e74007fab8ef,3.0
328,eb09765c-cb15-4a54-966c-43c7e3c508eb,3.0
329,e9085c6c-8b4d-4c74-8989-0a522feed7ce,3.0
330,2b924157-cab9-4278-92f0-4db17c7b5ecd,3.0
331,ef33bd8b-0bad-4c8b-9cb1-c95625c15436,3.0
332,ef960cb2-d70b-41af-bb6d-2397d1f1b279,3.0
333,dc890f69-984f-42bd-bc7b-b0e806ff4b72,3.0
334,f722f81a-4a75-4cd4-9988-3a3dd31f11c4,17.0
335,89d1a51c-4f57-477e-b586-cc2aa066e0d3,26.0
336,3479cb66-04e7-442f-a244-62f077aa3fec,16.0
337,47059d14-be39-43b3-8c04-0d5e40712178,16.0
338,3fd16f51-976b-4209-88c5-7ab0e4425fe9,16.0
339,4dd0ccef-2a73-4da9-92fe-f77010893014,16.0
340,4e03d9ce-a919-45a2-bc40-bf185afe1a61,16.0
341,39f8b98f-06a4-4d89-b9d2-6b1e5804850b,16.0
342,415fb6d8-a135-4971-84ca-30039fff500c,16.0
343,59b5c47d-c576-4b07-be19-0470e4045edf,24.0
344,347d61e1-9727-4944-98b3-8b41f6ad096b,16.0
345,3faa18d5-7cf3-456e-aa6f-ba38a7c2e731,16.0
346,3b156d45-f21b-49bc-9286-136acc0cd5a9,18.0
347,4902da10-4d2c-4b4b-bc39-9e59003bc6ef,16.0
348,4b3dd045-b782-4599-b48c-f00e208faebf,16.0
349,71fd61a4-39cc-489b-97c7-dc6fbbee717c,20.0
350,8d72cbb4-e8b3-4419-9c7a-f3b61ac91ed2,12.0
351,8f22f05e-6b83-4fe7-9b32-020c6e6c6c50,20.0
352,3c63e9b6-f143-48e4-ae4b-2f13f06a2cb0,16.0
353,8521cf91-18e4-43ca-a9c6-010781ed46e0,19.0
354,8ac4f1b5-1ae6-4884-982e-e351ad00084d,20.0
355,3e50aa97-1250-4149-8dad-571f6eb5608b,16.0
356,4a40ec8c-cc54-41d8-9099-528d292426ae,16.0
357,437fd223-b80a-470b-bc86-7e9a7ac7747c,16.0
358,91aa1ad6-e82d-4a1f-97f9-1ce85e8be60a,20.0
359,81d567de-0b18-45c3-9cb0-287d78b60309,12.0
360,77b000e3-7e29-43bd-8fb3-9b9028b70d01,20.0
361,64cdc9fc-da9c-420e-99b0-b8df96526d52,20.0
362,48b5fb41-d775-4d10-a45a-a6f06b05e622,18.0
363,4b317e7e-2d6c-4c1e-8a48-23c11f5c428d,16.0
364,40da9bf5-abcc-4ccf-b965-5465b1708b6b,16.0
365,68f320ab-4fff-42ac-a0cd-6b9f43ef71fc,20.0
366,3e59e077-1703-4b1c-82da-f6d6985b5622,16.0
367,93354a4a-8145-4fe5-828c-381bdb1c6044,12.0
368,8c8bcf2e-b3e5-4c45-a836-c357cefa3a53,20.0
369,7ed38efa-0b20-4d89-8fdd-8a865293eb53,19.0
370,4995531d-3ac5-48d6-8f7a-d15f64f7c12d,16.0
371,34d81586-1382-45b9-9762-4c78fc3f0db0,16.0
372,6f8abd19-ba2f-40b7-b728-067a8a04109e,12.0
373,6efe853f-8c8e-4a0f-aa12-2fc4607b028e,12.0
374,7617adcc-4287-4cb3-89f5-87ecc5275080,20.0
375,59749ca6-17f1-488e-b797-0530a07dade8,12.0
376,46c063c8-3369-49f5-bd08-01950a6bf734,16.0
377,338c52a8-c288-482a-a91a-bfea23b09ec9,16.0
378,8f6096d2-ab7b-43e6-ba02-de090dd1d38f,12.0
379,4d215f75-e83f-48fa-a574-297c1e0e8d38,16.0
380,826dce44-b14a-42f5-bbbb-71ac0f5382b4,12.0
381,85701a02-277b-4b73-9d8b-69f7d83bf515,20.0
382,87222542-80d3-4326-9957-2108c8e225e6,24.0
383,3a11852c-faa1-400f-a21f-7b2585f646cb,16.0
384,3a6f661a-d122-42db-99b0-1922a5c9f184,16.0
385,367ce1f0-4f15-4614-8f12-34f25a9a41da,16.0
386,38c8cb9d-a041-4efe-8cd5-1bbf7a3fbcfd,16.0
387,48e425ce-c1d8-4823-a0c2-a26f57933d72,16.0
388,994ca367-43f3-483b-a7d2-405922ed253a,12.0
389,46cb12df-9f47-4c98-9e83-e2b058115642,16.0
390,870903a7-3b9c-4d1a-9f09-073e092b8875,12.0
391,6805cd50-aa31-4c29-aec4-02ea328c56c1,17.0
392,5d638060-4ce5-48d5-905c-674be4166b8e,20.0
393,4abf2493-6893-4a97-98ae-a543d4129d8e,16.0
394,378f00eb-1fa4-4179-b54b-46c49d41bd78,16.0
395,404c5eb3-82d7-4ba5-b785-1a388fa0c804,16.0
396,43eae6a7-a21d-460e-bcc7-788a2819667b,16.0
397,8a2c4b11-db06-47e6-ba50-321eb3dd63ac,23.0
398,98a1c9a9-f13b-48f5-bd3c-326a37e6aac8,12.0
399,6ba2bc5f-09d0-4cd8-80a1-b8eaf97753e9,20.0
400,3258373e-4944-457b-8e81-49ed8b005823,16.0
401,395b8455-9ce1-4308-bd63-7b6843ad1845,16.0
402,369ab9ac-ed7f-4e78-8162-67aaa1a0de74,16.0
403,33ff8b82-6d15-45f7-8f5f-83a6d4f54be7,16.0
404,43b1ae42-ef79-4292-b7ab-cd7ea301a68b,16.0
405,45a8301c-d46e-4753-bdd3-e54be2b9fb8a,16.0
406,4366ee9a-2c12-4557-b252-ca9aff37954c,16.0
407,418b0f2e-52a4-4e54-b617-6c54ddd31ad2,16.0
408,390b5704-8789-4189-9f6d-e8a1538ee9b8,16.0
409,3a602cfa-cb60-48b1-bc2d-21cf26a6111a,17.0
410,402ead01-0280-4572-8452-ea544f25af9e,16.0
411,3305a328-a41f-425f-ba3e-561cdc287479,16.0
412,a04813a9-7a1b-4d6b-b36b-9efcaeb9ac05,19.0
413,3f4bbdff-2fd7-4c05-b969-f7f1f4c0f126,16.0
414,4a0b480b-a5ad-4d0e-9a82-84767e6b22c7,16.0
415,9f7d88d6-bea8-465e-9241-429dc73da984,17.0
416,3d647053-fc6b-4138-9841-69594abf16cf,16.0
417,4709693a-4f95-4db9-8e73-1a2e77262978,16.0
418,a6e371bd-11d9-49a7-8cfa-9e1d571054c9,20.0
419,912d1d6c-31fb-4a83-aacc-d5059aaedb9e,12.0
420,7c6f9d47-150b-4638-a62e-551dbdcd559b,12.0
421,4d2f2a4b-d2ad-4e87-8dc1-92db2a82557e,16.0
422,487152a8-4e4e-4ea3-82e5-53c2c6cb3a0d,16.0
423,4b96271c-6303-4a14-99bb-f620a5abb3b7,16.0
424,31ae7a4f-3dc4-425b-846f-1ea9e154a230,16.0
425,3703c466-662a-42f5-bb7a-eec51973f2e3,16.0
426,87ca4c80-2122-4926-9706-97a831405d61,17.0
427,46eda291-0e84-40c7-90f1-7e79320ae58f,16.0
428,47b2d0cd-3c5b-4c0f-8d1a-e63b82b214a2,16.0
429,35953056-c826-4dcf-9863-e6d0df9223af,16.0
430,7cce0e7b-3bc5-419e-bb0f-52cc5659836d,24.0
431,73c118d1-c72f-4080-adad-f014558d7e68,24.0
432,3f4fbe5d-0704-44e6-ae57-2deec6c8eb68,16.0
433,93856895-198b-4621-a751-658d498151a5,24.0
434,9371f66f-7ce4-40f2-892f-25de95f79dd2,17.0
435,a19b930d-ed9d-4322-ba12-293fdbd4ebf2,21.0
436,37d3a8f5-5c87-4e16-998e-674c8151e252,18.0
437,3365cff3-9380-411d-b7e9-8108d065bb5a,17.0
438,85b1e1bc-ae8a-4014-8d09-16148dacf0f7,23.0
439,88dc4c97-b53f-4aa2-88e5-f71a8a7214f9,19.0
440,82b321b9-5cb4-4330-b6af-4e163a1ed83c,26.0
441,40932ab2-ebf5-4829-a896-214c7fa58945,19.0
442,79cf7a1a-9d58-45cf-8a11-13033d90cd94,23.0
443,663b5422-f954-427c-806a-a61dace5f77f,20.0
444,8165eb18-a2fd-488a-82ed-2198d68ff005,18.0
445,7e67efc6-e262-40eb-b9bf-5de558380067,23.0
446,4ef56fe8-4aa2-48eb-b6c4-69070cf7a605,17.0
447,728d71e2-3ed4-419c-bb81-f5c5e883e94a,21.0
448,93876f8a-5d7f-4bb9-a825-81cbd79e93c2,23.0
449,7a101474-7eb6-47aa-a7a8-8eef563b5133,21.0
450,3c96ee46-b84e-4fa8-840d-7d58628c46a1,18.0
451,1b647786-9280-40ae-99b2-fb182d300114,20.0
452,10718126-3bac-46a1-acbe-8455cad85126,16.0
453,19959e61-c871-41d2-aa24-3844cadb43ee,18.0
454,11108023-3086-40cb-91f5-43cd56d464d9,16.0
455,11502b5f-1ec1-427a-919a-7497258ffea4,16.0
456,28943da8-693f-44fe-8ddf-0e6f6e9b8d59,12.0
457,2830bf88-e927-4447-adc5-a1e546a2559a,20.0
458,4470708d-ab41-4a67-b364-f2ff798e4a0f,20.0
459,1386068e-0034-4cff-a31c-f59e5f974aaf,16.0
460,1e6e68aa-e4f4-4c4c-b6bd-7002e212b4c8,12.0
461,0a4e8b56-e229-4b6e-8554-249e59cd3c5a,16.0
462,1697dce9-969d-4c0c-be4c-64b56bab35ef,17.0
463,35a44ebd-1f32-43b4-bba8-743397abc211,17.0
464,2b29be66-fc66-47f7-91c3-7c20cbbf8c3d,19.0
465,3edf1149-29c1-474c-a63c-5777c9a24560,12.0
466,12a13446-cb2d-48fd-b2ae-dbd1c96bf8e6,16.0
467,4850372f-5fd6-47ed-9246-1794c4d0e243,20.0
468,0dee5850-6fce-409d-881b-d0e22d402c16,17.0
469,0c0af04a-3561-4650-aa43-7a383dc55cb2,16.0
470,14ffd689-f090-4659-b240-a4de6ff6c44a,16.0
471,340d5574-4283-4e46-844e-b2885d712c87,20.0
472,0ed366a7-4dfd-47a4-90d0-0963153ff561,27.0
473,11eeceed-90b5-4151-8f41-84916a2e064d,16.0
474,1188124d-347e-40e2-8b03-7df6520d6750,16.0
475,483754e3-4dae-4371-be07-dfc65fa83ad1,19.0
476,085f7a15-a78c-4ffb-acde-ca77728bfc26,16.0
477,06a31e05-25ab-47bb-80a0-cd46b11a83c2,16.0
478,09878e7a-b823-4697-b2f9-3cb5163b6490,16.0
479,44172329-8b8e-4e8e-ac66-cd8820b7938d,12.0
480,2bd20461-eec5-48a2-9a1a-b4af8fa317bb,16.0
481,55bf4b41-2701-4e1c-ab72-f67cd87d9e9c,12.0
482,2ae20a2c-f74f-4d86-874f-8de742e8ce53,16.0
483,493497e0-2332-4cdb-8d0f-22536d8bd790,20.0
484,3008afc0-1937-420c-8df2-694514c728a9,16.0
485,2fd6f861-c366-4df9-83f1-7b8a32d7528e,16.0
486,2c35db32-1989-46c2-acb4-edf48804ef25,16.0
487,4a64caba-a374-45ca-9153-43f8abd53d6c,20.0
488,547c7051-ad0d-49e2-996e-a938eb7cf217,20.0
489,27afe4e7-392f-4383-a2a6-454473c6c197,16.0
490,2b1c0a1a-83e6-4e0c-adc8-093d4a889606,16.0
491,2c4d01c8-130f-41db-a680-e7f37d5e53ea,16.0
492,3082cbba-444a-4598-89ac-23584bbfc3b6,16.0
493,3052519c-e618-4f2c-aa6b-5e518ecd6718,16.0
494,2b9977bc-5363-4bff-82e2-e6fa8a6be77c,18.0
495,524c16dc-1a88-4b3a-a5d0-589b8388703c,12.0
496,2dc8ef45-80cf-4974-a4c0-23e6e9e6357e,16.0
497,29eaca5e-6e92-4472-93e6-baae24c5a424,16.0
498,55ca07ca-2a9a-4939-925c-42f931572a01,20.0
499,4de1cc19-19ce-4d5a-93cd-5a3b1572f952,12.0
500,2f20921a-f3e6-499a-97bc-d2a1a6afffb5,16.0
501,512e7cef-4e26-4548-a4f8-a5910cbe6936,17.0
502,2d05d7df-0496-44fd-b5e6-85939dddd96b,16.0
503,29738937-3564-41f7-ba97-bab2707301ec,16.0
504,27f07f17-685f-4b03-a506-63ebd2c8d754,16.0
505,4a8e2da5-ac63-40c4-a4cb-d2bbe2d322ad,12.0
506,2a07319a-c473-4df5-aef9-b4c38c518054,16.0
507,2b798da8-11d6-4d06-9da8-f78ed6afbb74,16.0
508,07db12c7-e863-4826-a295-8c2656c13b68,22.0
509,47d6513e-2321-4c10-964b-003b39faa1f7,23.0
510,10085eaf-9fde-41c9-a228-9c8dab1f774b,18.0
511,2307b64e-502c-4239-a237-c764d8e0baed,25.0
512,05a4d466-ec22-4b5f-8207-e7b5e029f62b,17.0
513,1073a1b0-8599-4362-8ba8-7816df67f0ba,26.0
514,17c69e9a-c64d-4411-ae61-372b6de18845,20.0
515,15171bfb-1318-43ca-b8e0-feb2a0b6d681,23.0
516,413f2563-56d8-4ae9-9a70-5f92b7ebfc6a,21.0
517,2a88dd8b-6f99-44f1-a0fd-b962be0ecccf,23.0
518,3fac6600-a615-4174-a0cf-57cbbb89ad40,20.0
519,14e3ab47-e610-4d7d-91e2-1243bf7dfec5,18.0
520,1597183e-68c4-45ef-92a6-9de5f7955d5c,17.0
521,40b9940b-0f8a-403c-b5ca-dcb1a1dcf4cc,21.0
522,3f21f27e-7ddd-4bd1-ab46-e4503e9beda0,17.0
523,0bae6fff-0a60-4d1e-958d-6f6d8c348787,18.0
524,38ace42f-d82e-46b2-8fcf-622ddad20f2c,19.0
525,082b8bc5-b569-4b17-ab1d-eb6524520966,17.0
526,2d3604f2-9404-49a5-9d93-0a7f4ba08f15,20.0
527,28e59e98-6161-4312-b5ff-c191e7f6c558,17.0
528,2f9aacd9-1dc9-4cc4-ab80-7973f78139b0,17.0
529,2d163d28-9923-4225-a94d-efa4e97489c8,22.0
530,0d43d669-e641-4d8f-8391-9b19f05cfceb,18.0
531,0c961e37-9406-48d7-b8cd-07fc748d238e,18.0
532,3b5e88c2-e7e8-4aa6-9b34-17c7e31ae187,21.0
533,15523907-40bf-4e1f-9a3d-2815614def6a,18.0
534,3254db15-c966-434e-9d99-baa5cec45aeb,23.0
535,2d390dcf-85fc-40cd-be0a-125b7a7322b8,18.0
536,04a3dd77-a5d7-4526-b1ca-41c0ae5819fa,18.0
537,022587f3-e202-48c7-a1fd-e2967b8f585e,18.0
538,0292c188-7b52-4719-96f8-1ff561912ab1,16.0
539,001dc181-eef7-45a7-b294-f49da5ef3521,16.0
540,09d94cb7-7ac7-41e4-9576-e8fb27036513,23.0
541,02716295-feae-49fa-8b22-84cd735b4de6,18.0
542,07874834-5d3f-4787-bf3a-bf04994e1aa6,20.0
543,093b213b-b246-4add-945d-5ccd4090abbd,23.0
544,0d6f1963-cd5c-408e-b570-69090c846920,20.0
545,0401bdb2-f771-4b09-a6ef-1acf9190b7de,16.0
546,052bb809-941c-4441-b43d-116866c1c604,16.0
547,042797c0-9c50-438c-be2a-d599f59e8faf,16.0
548,07f1cc2b-538e-442d-8510-6d6411a591bf,12.0
549,0303a71f-0fee-4045-ab64-69180408a33e,16.0
550,0c4b1cab-fcdb-4120-b7b4-e616c87c6d76,12.0
551,03232d37-e1a9-4aff-bab3-08ab98dccc0c,16.0
552,024b14b0-463e-4f7e-a854-e6f358fe600f,16.0
553,051e0eae-9433-49ec-a119-f25ba338e166,16.0
554,027a9704-af19-4d6f-83c3-ad115944a87f,20.0
555,02f337fc-78b3-4ddd-89c2-a3ab84d4fef3,16.0
556,087795f4-3b24-4ea0-b5de-0f037d76ed51,20.0
557,0214dee0-5e7c-4c37-b0b0-e53e2dfb7444,12.0
558,0ae97260-98df-4d01-a5bb-e881fdd6f8b3,12.0
559,0f15ad35-b261-410b-98d8-1a3ae1b8560d,18.0
560,1444cc54-42e9-488f-890b-6ac617385127,16.0
561,1302871f-aa07-4c33-9314-a45e2aa49ec0,25.0
562,1851b05d-a131-4191-a7b7-6083cee64d2a,23.0
563,065d21e4-7757-4703-8f2e-a32e12aac068,18.0
564,1b677edf-d6db-4466-9aa7-394dbd154550,16.0
565,1f073c28-b6fa-4fdd-9d5f-bf75ec08f277,16.0
566,1e0b4f83-08dc-4688-92d4-2cde44078c17,23.0
567,1e723b6d-5284-408e-a8fb-fc79cd4be310,16.0
568,1ef5f4b8-7732-4687-b206-3dfe99785a84,16.0
569,1ffbf161-d005-4434-b098-930617a7f5bc,16.0
570,238483fc-313d-4b20-a561-b450e676b05f,16.0
571,2367b62b-ec8d-4956-9a67-93605b97ac2c,16.0
572,26ca7697-0a2e-4068-89ff-fc9c0714b1be,16.0
573,226ad656-c8ad-4943-80ae-072936fd8dd6,16.0
574,20c2f9e3-1845-409a-85f0-0efd74dea7e3,16.0
575,219d490a-d083-4f5e-ace0-eaac75410284,16.0
576,1fea42e2-8e72-4234-ae9c-fdc065ff66f9,16.0
577,1c1f8aa7-2f66-48af-80aa-7ae00c1bfa4a,16.0
578,1efd2112-9028-46ef-b643-d1ebd1d10665,16.0
579,1cd3e16f-84eb-4b3f-8c26-1cd2aa505bc6,16.0
580,274b92f4-1dbc-4e49-a2aa-afe0f02dd2c6,16.0
581,22eafd1e-d5a7-4a3c-bc49-4bf13dbd9ec0,17.0
582,1d2e69bc-1120-4871-a418-b31d2705e62c,16.0
583,1ea4349f-a1fc-4f67-8a36-8f02f23ff748,16.0
584,253d786d-0c93-4398-a817-386c0b66323f,16.0
585,22bbb14a-34f8-4982-87db-577c887d9d50,17.0
586,1c0da30c-8fba-420d-889a-4e521ff4b529,17.0
587,25c13867-127b-485c-9e57-b6375dc4369e,17.0
588,1df94e29-b4ab-4d90-9068-d4b279c01b59,25.0
589,3346562e-8a76-4832-aa4d-3ee01023a666,26.0
590,215e1f63-b2a3-4f7a-b0cd-9afa004d8c2b,18.0
591,24eef6c0-9a54-4c5c-a590-8684a885bbe9,18.0
592,21cf1f42-649b-4b3e-99b7-43ac4ea73563,22.0
593,34226cd3-9581-453c-90c3-50448d4dcdf7,20.0
594,2282fd2e-c132-4870-ba65-8b660bb4681d,17.0
595,09d4c15b-fd36-482f-aae1-68fe1570dedf,21.0
596,1f4331fb-9095-4c14-b925-ccdbefc13dff,18.0
597,272ac1c7-15ab-40c4-ab92-9ffd2ad16ad3,23.0
598,2374e0dd-0636-4df2-b8ef-792c02677114,17.0
599,0a8a1906-ba73-43d3-adde-27ac469b19b6,23.0
600,0cef79cf-e8d4-4019-971d-969cb753ef72,25.0
601,112ebeea-e79c-422c-8a43-a5a8323b446b,17.0
602,1995e0a6-5d74-4094-b5c8-b89f2ffefdbf,18.0
603,0bd5f4ec-3436-41f2-8921-b7092df81c84,21.0
604,0c8b0836-cc69-4a91-b943-f29646374a63,22.0
605,33815849-2dd1-4025-9c66-cd76ecea37ce,25.0
606,2f7240e1-3049-43ab-a93e-326403999fc3,26.0
607,33c3440c-7448-4c06-83d8-76f88d06e502,19.0
608,225ac368-125a-4032-a6d9-17d3cb73d744,18.0
609,4776f648-5f26-4b0d-ad91-a5c7c099416f,17.0
610,2789ec4a-224e-4579-87c7-4a9373d81adf,17.0
611,11547f59-6612-4eeb-9ac1-3cbffcdf3a47,17.0
612,1108142e-0f44-480d-9cc5-513cc0379929,23.0
613,107438bf-9806-4e60-a460-04e4f3111245,17.0
614,336c6641-e9f1-4632-9f38-bb4741a17039,23.0
615,259ba1e7-f281-4b49-96bc-dd951e6e94ba,18.0
616,39d92b47-77a7-4b0c-83a6-4772d4e87b5e,20.0
617,04a3ca7f-fff1-4047-be29-dcb1c6af1c7f,25.0
618,087c0c24-9d42-4874-9eae-4942d1d023e2,23.0
619,080a8001-f607-442f-84bd-5f1e33d5484c,20.0
620,014fc08d-a9e2-4089-9685-4ffcc3607ffd,18.0
621,00a487ec-b018-4e21-9838-e58f45b01e35,18.0
622,0bc09c85-6eac-4abc-a3d8-3a469f620c1f,23.0
623,006f3f67-c892-4949-b091-c5e07d15db23,18.0
624,02f1750f-73f9-466e-8ee9-9c42fbb5029f,26.0
625,042f7e2c-38fc-4fd9-8b8b-c1e1b20a8559,17.0
626,0af16c32-bd89-4896-acdf-2a0d00afb9c0,23.0
627,01e46ced-6d13-4610-a070-46ac7361e8e5,18.0
628,01cca9fa-0cda-4d52-bdfb-cc709cceae80,20.0
629,09e301ba-5762-4eaf-874f-d4a3ed5c6bf2,20.0
630,2cc593fb-9537-4fae-a0ad-22c1307d6ff4,23.0
631,16b10a26-d8dd-49fd-bb24-77dca3b0bbb7,20.0
632,0abbf906-c4c7-4086-b6cc-c7df4b5eea92,23.0
633,0cca3c8e-d4e4-409a-9ad2-25a95f03c51a,22.0
634,15f6321e-b03e-4ebb-b1a9-f426ffc1d087,23.0
635,0e240013-af8d-456e-9152-9380791e6445,20.0
636,1a75116c-882d-4b01-9fb0-d8714f28a790,23.0
637,118e30ca-64ad-4154-b908-e66587e1f05a,20.0
638,06174493-33bd-427e-94b2-d97cead3f427,25.0
639,17a0a1e8-1bdb-48bd-b460-91552ff52166,23.0
640,0af6bd79-96e9-445d-a619-9b433ee1c719,23.0
641,0d52405a-385f-48dc-b30d-86250512ced9,25.0
642,2a94de5c-7719-41b5-96b4-2f4ca04e87d3,19.0
643,16963161-bdcd-4ef2-a31f-dde52a0ca11e,20.0
644,269fa641-46c1-4003-8003-03b2cbc752d5,20.0
645,089d2743-1511-4b67-89f7-098cfb1ab263,18.0
646,1da31222-b30b-40d5-a520-5cc21cfa68cb,20.0
647,344350d2-8e26-4b55-b4af-beed01f317dd,23.0
648,3db7a419-ae4b-4e3c-a1f1-1175de520788,18.0
649,0944a985-3781-49bc-802f-8dbebb53746d,18.0
650,2345f1c3-1c0b-4b54-979b-e98f7a0b5ba5,20.0
651,24976c3b-f301-4c75-85a8-640d230d4dc6,18.0
652,4cca25f5-e157-4dc9-bd2f-6e50e8a4ed0d,18.0
653,72c9983c-a3af-419c-a53d-19c33b8fb74d,19.0
654,326280e7-81d4-42e5-9567-3f0a516e3519,22.0
655,85e0d6da-ae31-4948-b8b2-f9baae558ee1,20.0
656,74417e3f-33c3-4594-8e21-bf396b938b1f,17.0
657,579fd0fa-82e8-46c9-b715-47217f07a0e0,20.0
658,44bb5002-4ac2-4722-b4ae-1fa08efbb4ce,18.0
659,34137554-fa22-4f5f-bf5b-46add878e187,18.0
660,95b29740-1585-495a-b57d-683fd2c9494b,18.0
661,a0d13211-d0f7-4209-ac62-d6a1fea87fd8,21.0
662,4e936c13-7ded-4dd9-87f1-c7bedab73416,21.0
663,440bd0c2-d029-4bb5-ad3a-ca12c53c5ae6,18.0
664,34cfb029-d68c-4674-965a-3dd86892fe32,22.0
665,83cc1362-22a2-4d27-b270-35b49515cecf,18.0
666,61fea0ee-0cde-4340-b5d0-ecac26382412,20.0
667,6db52eb5-c155-432c-b119-1a5e701258d8,19.0
668,72225016-0e29-48ec-9417-7c3fd987626e,18.0
669,6e7eaaf1-5b8a-456c-8067-4a064e54b96e,25.0
670,8f9b3b9f-c6e3-4320-aee6-60c8ec7de941,18.0
671,719ed883-e6f4-4bf3-b4e6-53d5caefeb6a,23.0
672,771e919e-d4ed-40e7-80d9-ece429e599c0,21.0
673,32ebc857-ba92-4bc4-8e62-7a8cb41e62e2,17.0
674,443e9d10-c102-4f5b-b5f6-eed630533273,17.0
675,cf566e83-6506-4b5e-9848-155826ab518f,12.0
676,b213ee16-c5bc-4040-9e92-1f19abd0fcf1,19.0
677,d6c6f6a3-e005-4756-98f2-4937dd05921f,12.0
678,a787eae6-a72c-4d17-817f-9c2a5b5bb057,18.0
679,558c2dbd-4365-425d-9a31-7e6a513a4d5a,16.0
680,671f03a4-cb2d-408b-b9dd-a4097b745948,16.0
681,c930b82f-04e2-47e3-b4e4-dac9b14d94dd,20.0
682,5e80fd6d-c402-454e-b4fe-e305a1c1a2c9,16.0
683,693aa4f5-6fbf-4e25-9f95-9b1ff2d66314,19.0
684,6ea82b5b-4a05-4f27-a270-75278800471f,16.0
685,5aae8bde-1b08-4cc4-a285-4fd38e67bdaa,16.0
686,611dbb61-fb95-4858-a038-0c53a6759027,16.0
687,6e513eac-7897-4b79-89c5-4c0d0604bc51,16.0
688,72361614-a47a-4544-add1-e0a7be73b7b3,16.0
689,566da397-3a8b-403b-bbbc-32bea52e76b3,16.0
690,60d453fd-7f18-4518-b3f6-5f972ff20b97,16.0
691,70d35cf0-72f7-448c-b7e0-6050b19f4d40,16.0
692,5dfe818c-4a89-4a40-ab7c-cd96ac20742e,16.0
693,dce543cd-6059-415a-9225-100b4fdb6395,20.0
694,6a2ff8fa-957a-42e8-9eb4-b845587d8366,16.0
695,591934e1-4a79-4596-9bdd-0c67d150ee6e,16.0
696,63452863-2534-4fb0-bc1c-0039757381df,16.0
697,598c3f46-8ec3-4552-89f5-bbce30e00abe,20.0
698,5910afbc-a71f-42e6-a4de-8e580ffce50b,19.0
699,b1bc1acf-bbe2-4142-8951-f5cc64b35be4,12.0
700,ca33df79-6f67-443b-9cc8-a1e23cd81750,20.0
701,5016fd97-4698-436d-b2d0-b0b4343bdb5f,16.0
702,54e82839-ca0a-4217-bfa0-1598e2cf5c5c,16.0
703,d91559c7-9342-4ff7-bf24-ee78bec7d50d,20.0
704,566b9915-e3bb-46fc-b935-5f7e44121341,16.0
705,706a5187-a620-492e-a966-3ce5de555a08,16.0
706,5fd2d3dc-0f03-4319-a889-182b07f7f057,16.0
707,58ec60ef-9ea2-42dc-b00e-4592fdbc0c8b,16.0
708,680cd4d4-280b-4990-8940-2a2649f71974,16.0
709,c953df5c-fdf4-4efe-b939-9916898dc56f,20.0
710,5e149c19-a7da-4f76-94e8-752069f437d8,16.0
711,5ddd6623-f4bd-4e9e-9fa6-4c70adb546cc,16.0
712,d25ec7b8-16d3-47bf-92ed-2cb85a6c53a5,12.0
713,70425924-0747-4003-93d5-e2509dfecff9,16.0
714,c733b578-0646-44de-af0f-ad96ef873688,12.0
715,cab2ca71-1309-4ed4-a427-2e9bb17c451c,20.0
716,60e6d552-2062-44bf-9b77-27e60fccb76a,16.0
717,6f33a9dc-f8ba-42a3-a92c-5614360f7d8e,16.0
718,a976657f-785d-4490-865d-cc8b23e935b4,20.0
719,6ea6315a-0409-454c-ae91-1d8a30e53261,16.0
720,66370475-cb1f-47ae-bee7-21ebc0bec73d,16.0
721,6b85cf19-246b-4173-821c-7dcc8c398c36,16.0
722,6f4b3512-a920-4699-84da-f590bd178251,19.0
723,642e6eb3-2c6a-4e25-b654-73cba76b27ee,16.0
724,56627300-b920-4f2e-95a2-f9bcfc685ee9,17.0
725,54cef849-64f2-4907-97f8-3fb7f59cd0fd,16.0
726,616e23f2-68e2-4fcf-a6d2-9d7819839408,16.0
727,5638d563-1c33-46af-bbf9-7a2d5354d27a,16.0
728,bdec305c-217d-4051-9686-60e9f88d2db0,18.0
729,d9f285c6-244e-43e7-b3a9-dd959f44d0e7,19.0
730,605d35de-e893-4558-9eac-1bd2da108722,16.0
731,674c0829-e96d-4a19-8edf-21cbe1bf1431,16.0
732,68ab74fd-51fd-4459-aabd-9842598b4e56,16.0
733,d129c9cd-bf8d-4991-b8da-c00d0b6705aa,19.0
734,c89ba8c8-aff6-49ac-a120-682872cf4a86,20.0
735,b686b5fa-9791-4447-8304-5d8c47c745ca,12.0
736,55aceb19-25c1-48b9-8a34-ba0448e20c4c,16.0
737,71942d60-75a5-48db-918c-43c5b93bbbe6,16.0
738,249979da-eddd-498c-94df-8272ee3dbcc4,25.0
739,51b2ba83-0a17-4809-934a-301798b9a831,16.0
740,c0b76b84-c28d-4d3d-a844-6c424fe881c1,12.0
741,6f5e1fb7-c38f-47c1-8269-1e7d4ab90129,16.0
742,64a421d4-3025-4d87-b09a-f94f9a673890,16.0
743,b4de3882-6b0b-460b-ac90-fdb60c5b07aa,12.0
744,51925e41-a854-4a6a-bb2b-7d7099f9473d,16.0
745,5bbff0d5-f7fc-4357-8912-7698eda4d2fe,16.0
746,cef920b8-50e7-4354-93f0-bcfb2d57e7e2,21.0
747,5a6c18fc-4f3a-4a8f-bd36-afd0241c1869,16.0
748,5f1d557c-a355-40e4-999f-552643dd4cb7,18.0
749,64a82ffb-a51f-4142-84b1-aab820194bcc,23.0
750,84c9e2e1-2734-4b8c-8e0f-a62210275e1b,20.0
751,8bbc453a-999f-45c1-b14d-7a382812324d,23.0
752,6844acb3-d7e6-4f6f-a213-2ec2b05f1c77,25.0
753,909cefb9-ba90-41b4-9ef2-6559fec6a1fb,23.0
754,7501f621-c3bf-4834-aec9-a212f124d6eb,25.0
755,7d3c5088-b286-44fb-9f24-231b7bf1b262,23.0
756,6298f705-8dd8-472d-9069-15e4bbb50ae0,23.0
757,9a91fc68-2001-4616-89a2-31d8dcaf234c,22.0
758,89dc9b14-0596-40cd-8aaf-8064e18ae66f,24.0
759,72be6a49-3a56-4eb8-b429-b9d03b7f82a9,20.0
760,a2618fdf-ea6e-43ad-b93c-e67279c59ac1,23.0
761,8d9f30a9-67b1-4c47-9a0b-a0ccb3d091f4,23.0
762,5922f8f8-a31b-412a-9265-309d9c60974a,20.0
763,7ae10e94-e3c0-48cd-aa05-1a618e2c9703,23.0
764,8edd63fd-b183-431b-b26b-e96f34aa8768,23.0
765,868f09e3-29a9-4505-b7ba-8249d7faf576,22.0
766,8051d725-b896-4f6e-aa1c-cd6731affd2d,20.0
767,31e3e9db-7456-43af-b7e4-5101ae256537,18.0
768,920db34d-a72b-4ae9-a4d9-4bda02abe142,26.0
769,a259cadf-04d3-49b2-9627-ae42f31b68e1,21.0
770,66e2ccf9-50ea-4564-8c9b-f1e66bedfc98,26.0
771,685fd38c-844d-44b7-ac04-4820492b9fdf,21.0
772,85f921f5-822f-4011-a329-09d2179256a9,20.0
773,99c0d757-2e41-4014-b7c6-28cae5d32465,26.0
774,b5147ea7-195c-45d9-ac6a-f83fda1a6539,17.0
775,23b0a0b5-3fdf-4a5a-9cfb-44571abfd3f7,25.0
776,57560cfe-79f3-4fbe-abb9-e2a2073715a6,21.0
777,c00a0e07-0e41-44a3-af80-333fcec3e791,23.0
778,b65f4166-44a7-4b4f-bdef-ea4d10d2671b,18.0
779,6e64e934-0064-4adc-baef-e7931191f24f,18.0
780,2d7c94a9-abe6-4f7a-83c5-ec0a72ecc474,23.0
781,4f850d37-ba3a-4a04-b466-1afdf94f9aa6,18.0
782,da55ee9c-4d6b-4ea3-94b7-f3321ea7b045,23.0
783,60308003-66e0-44e1-a913-cba0e2253bde,23.0
784,2f65f54d-8f0d-4d23-b267-f7c62995a2ae,25.0
785,6ceb64d0-3f93-4628-b19a-9f967ebaa842,21.0
786,680d6e45-8b43-445c-a64e-0fed81e4df1c,18.0
787,c7f7ce35-f757-4043-84b9-c45161cde57d,20.0
788,d31c4000-41ff-4bba-afc4-e792a4381023,23.0
789,691507c7-7e23-4b33-a15a-e8bfed466c07,19.0
790,bf742541-472f-48e0-b17b-5e2cebaf4116,22.0
791,63a8ca50-caa0-43fd-b10f-db1c5dbb9573,22.0
792,66c93c24-6cfc-4854-907f-ae75fec69ffa,18.0
793,a97e2214-0c22-4a39-bb53-37ac0e448031,20.0
794,68c5b643-aa66-4514-83d6-77926a6b9bab,17.0
795,ba0f0275-5e6d-4a52-a1d9-07621b3376c7,21.0
796,d788debf-1d87-4790-a7e7-27107157b362,23.0
797,ae0612cb-d843-4b60-bd1e-e2fc0820c467,25.0
798,de283e8f-ce64-42ec-a361-d6ddbe4a25f1,24.0
799,b586fed9-deee-48e2-af08-5b191b9be19f,23.0
800,e3b31707-af13-45a0-ac27-f46ae2cc9604,20.0
801,94f71075-ce3c-47c1-9ce8-8ed28758c432,23.0
802,483f3c04-2b97-463c-a453-f2f6502d0f87,18.0
803,a42c6b7e-c45d-40f4-a7fe-3c9cdd656afa,18.0
804,4aefc475-7b35-4790-9943-445ff5b2db8e,18.0
805,38f36651-ad27-4ccb-bb0f-5cef0c39bb73,21.0
806,86168371-d1f9-4620-840e-20e49196dc0f,20.0
807,5f1777ce-e147-427a-9d9a-14761f31b07c,20.0
808,8ddd0828-7b2d-4f86-b63c-a004feb526f1,24.0
809,884b1fec-b54e-4ad8-b20c-598e35c4d4c0,23.0
810,9af59405-d8ed-494e-a0fc-68c746a27f71,20.0
811,3b84636b-d4bc-4af6-9736-9450593d3927,18.0
812,79f3aea7-804b-45a1-9a65-df423174b928,20.0
813,48f96fd4-f9f3-4b3e-a2ea-b208ee2677ff,18.0
814,618b46ca-2a42-42a7-bccc-eda3f4de39ab,18.0
815,74ed108b-87f3-475e-921b-a189e13d3ec4,20.0
816,9fa3f16f-96b4-4a49-87bc-1e31e28472f9,23.0
817,8c8aa4e8-b204-4914-91c5-34a478e67c4d,25.0
818,360d7e8b-7feb-4b7e-b6bb-ccc0c2b362b5,18.0
819,524f54a3-ebce-40b5-9275-9ad118d77270,16.0
820,65ce0464-8b2a-419c-b07f-1765d7df225a,16.0
821,5b87aa03-48f0-4ed1-b0d5-329cbfc3edbf,16.0
822,54f44a3e-4ca1-4c23-a3aa-a9d0d380e0a8,16.0
823,dc41f3a3-0a7a-4d9b-91b1-c1d860d9cb2c,12.0
824,52ce5e1e-5e57-4a0d-8297-9b4d15ac2f9c,16.0
825,5621333c-d1d1-4fb0-a3be-697492700556,16.0
826,5e8fb512-7e8c-4926-ab4e-e675f7aee166,16.0
827,502e1561-c20e-4d3f-b25d-84e34b5affd1,15.0
828,6db4ea13-6dc6-4b56-bad9-912f00717c71,15.0
829,b1c0ec4f-3f30-49e6-9cb6-aff85c065704,20.0
830,6c2b7013-30fb-47fc-983e-913d0c58fc70,16.0
831,5a342d4e-6107-48d5-8f2c-7902faff7e32,16.0
832,c4c9d7e1-21b7-4fd3-9973-1ace64339c84,12.0
833,514c1940-2bcf-42c2-b108-962cf7409fd9,16.0
834,646eebcc-56fb-4839-b46c-a83453c0ca01,16.0
835,5296ad31-dfe6-4bbc-892b-aac4a1c7de21,16.0
836,66af8795-29e0-40bb-bcc9-30902d330f90,16.0
837,710c1a12-626a-4052-adb2-c23f864880ed,16.0
838,6ceef4db-c5d6-4f43-8f82-922f66a7a06b,16.0
839,6f0ff294-2092-4603-8971-de1a2bf3c706,16.0
840,cef5a1b4-052d-472b-abf7-a39dcf77b3ba,12.0
841,7b541c8d-7c40-465a-b446-1fa443ca9edd,20.0
842,3b2d53a6-1aa4-4754-9f84-f01ba04ab88e,18.0
843,7cb3fc77-1de0-401f-aaf8-e9c4612205a2,20.0
844,9f53e83d-ae28-4e32-bcd2-a2a1ecb5a449,19.0
845,9fd72f6a-3014-482b-b5de-64d08aa9898a,24.0
846,3f397d3e-2577-4666-802f-7a4b979fc7c2,19.0
847,499be9f6-b888-4196-82a7-f483c0b953f8,18.0
848,7c1a3ee4-85fd-479f-bfd9-21791779120f,20.0
849,389bddc0-5901-48d0-88e0-35da2f64be86,22.0
850,35f2308e-3249-4a43-b45a-3524f67151df,17.0
851,6612df5c-b941-4ef0-b9a4-762acc7d953d,20.0
852,70bdd464-9378-48a8-9843-fa662e8e8b8b,23.0
853,3f8937da-eb84-46d2-a264-307c7a83ed37,22.0
854,68ddb9f2-3055-407e-9f39-619cbd401dcd,23.0
855,81a4974e-7c40-4068-8927-542f987cf31c,23.0
856,7d02932e-9ecb-4143-9c2b-71390af27ea4,23.0
857,724ea544-85da-4541-b9ac-cc2f49919b56,25.0
858,d6e41533-8fe3-489a-8dad-19ba73a5ec47,23.0
859,6ff25447-95bd-4fe8-aa84-563f1af48007,16.0
860,c4f8d87a-1d81-4c18-bc35-1b47514947dd,23.0
861,63a19fde-524f-4799-bd06-24f24da3e103,22.0
862,bd045025-5237-4752-a15e-666328d1d8d0,25.0
863,56e1c376-729d-44cb-adec-ebfa017a393f,17.0
864,5ae1c6ac-28b8-4f78-ae9a-9bc77c8ef740,18.0
865,a8ec9188-7339-44ef-8efb-30d83f7162a5,23.0
866,6b1adf8b-a28b-4667-8256-f2abb228951f,18.0
867,52b554a9-6ba7-4208-a18e-18da2346ed43,17.0
868,62363a5e-f236-4cf9-b799-361ee002c975,17.0
869,57573777-53cb-4eb8-9464-a27fb844d819,18.0
870,d783d40b-8ad7-4f6f-b069-ce8968e5c28d,23.0
871,29ad8c58-0076-48d8-ac1d-c1138be10ad6,25.0
872,5a32f9b9-c9cc-4c73-9ec3-0e64454f7cab,17.0
873,6c50325e-7080-4ca4-a3df-fdc83fd55211,17.0
874,d74ef38d-3774-4035-b0f1-e558efbb650e,23.0
875,50aa967e-8ba5-4a5c-b4a2-5137d6ec69af,18.0
876,acd48a65-fd30-4805-933f-3a9b47771078,23.0
877,52f8bce7-6ffd-4d7e-80ea-f064f7da10d9,18.0
878,560d0c50-0f0a-4ecf-90be-f03e39938310,17.0
879,6bbcb48b-02f1-4a0e-9c1c-d48b4d8ff521,18.0
880,c922f4f8-c234-4280-b7cd-4ea1693765b1,26.0
881,daa8b3c4-2be8-489c-8773-f9313c027726,23.0
882,d8a33344-8e71-448b-b6d0-2539c9d2d2ca,20.0
883,6b60389a-92da-4353-b4d9-9280d0638f5f,22.0
884,7222c9f3-c7ad-48be-bcea-080f653ecaa3,17.0
885,bce1a547-559b-40c1-b51f-897d5b9c6cbc,20.0
886,613de911-0a91-4ec2-8138-139b878310bc,17.0
887,5b724ac6-8e1c-4ce1-ab24-36ca5db42c48,17.0
888,5dfa9759-8207-4981-b8ba-a004c157ad4b,18.0
889,53e3cb74-104a-48bd-b9b7-a9d17c7d1a26,17.0
890,b86a9711-373d-4e5c-9450-adf2531edfa3,23.0
891,b9acc0e4-9b7b-4b95-a43d-11a448a5435d,18.0
892,6a8a9958-27d3-4767-a749-37bbcd21714a,18.0
893,258a1c94-d437-44e5-b999-531808bdc1ba,20.0
894,198248c6-f9ff-4706-a3ef-3fba462cabba,16.0
895,23ccf578-4d7a-407e-a98d-5fdfcd834b2d,12.0
896,086d5867-0193-491a-a069-ad29bad72094,16.0
897,40e777c3-6f65-49f1-83ac-aaec2a53be9e,26.0
898,197fec6f-7723-41c8-b223-d4f43d0c2580,17.0
899,33e03195-a732-4bfc-a95f-8079f9539ead,20.0
900,2ce3f992-3453-4ee4-9063-5072958a3977,20.0
901,090fe317-a59b-43c2-85ac-bf5c761080b2,16.0
902,14a65963-f0fa-4773-8b27-5121c4faad9e,16.0
903,19bf8bd0-27ab-4061-9c3b-daa9e87f2d6d,16.0
904,055b6c46-64ba-4415-bb7f-de9830353aa5,16.0
905,18786f42-a453-414e-84b0-7495e68485df,16.0
906,0c17cec1-4c95-4341-ae93-b989f39c520c,16.0
907,21939e5a-ad12-4134-8d97-124c5fe59f19,21.0
908,3719ff01-0c62-4596-a7d1-c8487c798444,19.0
909,07d7f0fc-fc07-465d-ae21-e91eee370cb7,16.0
910,456ba3ae-631f-488b-ac12-1944ecbe6e57,19.0
911,15de9e4f-2a20-430a-a3dd-13c82e2a96d7,16.0
912,33d0e59b-b386-4ab7-8f72-5d93a226af5f,20.0
913,1418e173-36f6-4e25-aa06-7ba13504dc7c,16.0
914,1a721987-63e3-448e-be96-b5e2e2a7069d,25.0
915,23d8e7dd-41ae-417f-bc7c-44174ae88ece,12.0
916,0e300c74-ba22-41f5-9560-e62f55712d94,16.0
917,18a1eb33-b69c-4af0-9d69-2cdf41b3d217,16.0
918,0db613e4-ffdd-498f-929a-7d29eec90b8f,16.0
919,0aee8e10-cb52-405c-997d-a3028253ce1b,16.0
920,24a136fc-5935-4424-8198-0f23daf2eaeb,19.0
921,145e6a29-ff88-4a0e-b9fc-2f4964bd47fd,16.0
922,1bbeb3b5-a278-4af6-b0f0-31c43aa21d56,16.0
923,13913e39-18ba-4b8f-a797-254b900bdf79,16.0
924,0ffce4ec-d1e9-41d5-99fc-e91cf83e1eb3,16.0
925,09e9a3b4-ee30-496f-925c-c79524afb135,16.0
926,1b73b519-7792-46f1-bccf-e41f2c3e7b46,16.0
927,185df6f4-e884-4942-ab5d-6003b0a0b79a,27.0
928,164bb5d6-6259-4c5f-a59a-5f56aea116d9,23.0
929,1d363a6b-9349-44ee-826b-e5d5b2c1994d,17.0
930,07721654-a282-4209-91fc-d99dc457322d,18.0
931,3c1d28ab-8942-40a3-8dfb-4928bf1efe93,20.0
932,40ad75b0-6966-4344-bd0c-f34bb2e6af7a,23.0
933,24b0f953-7fb5-46e1-850c-75d4e519c9a8,19.0
934,142560ff-335f-427e-9f24-14c5cfe1f3eb,20.0
935,1e367f75-3bba-4d50-977b-0d5ef0d66cdb,21.0
936,115fb2ff-d146-43eb-936d-0449de6e0a84,25.0
937,437a6a0c-64db-42be-80bb-1f61d07fb5b7,23.0
938,47f50a5a-1b57-44e3-9aca-b1d9db6f358a,23.0
939,0e2a78f9-371a-4fa5-961a-253c960ec5da,18.0
940,1e1e6d19-5479-421a-a169-8d7adad329b8,20.0
941,23156d2b-8b99-4a90-a9a7-3efaf08582a4,17.0
942,446364ae-bc9d-4f9c-b865-cf3502833000,23.0
943,0ef15a75-459c-4bf8-b8d4-1d0d0e80603a,25.0
944,35fa130c-d3f2-4122-b840-9c67324215ef,23.0
945,26fb464c-a5bd-486f-a249-980dbff22277,24.0
946,2bbfc264-fb79-4cf4-a46b-c71b78cfca60,23.0
947,3611522b-ade5-444f-9b3a-b2d8031c6446,23.0
948,17634003-6cb8-43a8-9598-b8125636cdc3,19.0
949,0c05b089-93c9-4596-90d2-0bf6656fbaad,22.0
950,187d0569-596c-4625-868d-e208158b161a,18.0
951,131a44e4-abba-4c15-85ac-14cef57ca5b4,18.0
952,17ab9dbe-136a-4c25-9b23-c5a75b0ee60f,22.0
953,302def77-5d91-46a0-bf86-a44166094ef2,21.0
954,17f24ca3-c429-4812-af30-423486c6b61d,17.0
955,555a2206-cb62-4ec7-8f27-1b3f69f97c10,25.0
956,282a8777-7e96-49c7-8e81-7e7b31ee1095,22.0
957,2b0b74a2-b8bf-4458-b239-4df72c54f55a,17.0
958,2bdc76ee-2ecf-4f01-b5f6-bbec79ae0288,22.0
959,2bdadea7-cc71-4ba8-ae28-457da792fe2d,18.0
960,49ba5401-9a13-4ce6-9c1d-4c7193de1093,25.0
961,2bd84ebb-9959-4e39-b0af-965f343aa6a0,17.0
962,2fa9bb0b-d8a5-41bf-a49d-5e39bd1ad186,18.0
963,4f3765b5-eee5-470f-b885-ec0664bdf4cc,23.0
964,53b8fb6b-1465-48b9-b5b9-e5a3cd72c4bd,19.0
965,4f7bbd0b-6ed1-4958-8644-cf4b1acde539,20.0
966,2a17380f-5ad5-4736-a9eb-0a37fa7c61df,18.0
967,4b17bd8c-09e7-497a-a79c-fbf1dfe37dd8,21.0
968,4a01b8ab-07b7-4e68-ae18-673f393573f4,23.0
969,2bd3ecd6-f60a-4d24-a0ab-ab4b2d758884,19.0
970,48ba49dc-c631-493b-9e14-a4dab5143f01,23.0
971,548511c5-a6ef-4e1e-a447-81ae3fb2e9da,23.0
972,2ca5de3c-5f88-484d-8805-19d7041fdc02,20.0
973,2e7a19be-ee2b-4f13-bafa-fb3c5537bc2b,18.0
974,27880fc8-2395-4a6f-97bf-465a192bba8e,17.0
975,4b9ef347-1d66-46c7-85cd-a8e7a1ee00f1,17.0
976,31174fbd-9a15-4f15-aa7e-4b905e6113d4,17.0
977,50209fb9-efdc-4f38-a8df-0aff562fd3ad,23.0
978,56e0a7c2-ec82-4c52-9f25-adf5bddcc459,23.0
979,2c0ca04e-4699-48f1-9412-2dbebf36bd2c,18.0
980,8aa264b2-6c21-449a-b1d5-b3c4211853cf,25.0
981,82e06866-948e-43b0-99eb-dad8bc93b302,16.0
982,865432e7-eb25-44f0-8039-7b93bc394d50,16.0
983,9e59e204-c321-42da-8fd2-9b14af29e873,16.0
984,962f755c-b2e3-4ddc-aefa-5fa813ee6506,16.0
985,a600c04a-9c45-4206-90dd-9919b131e8d5,16.0
986,867d37cf-66ea-4f8d-b9b1-07eee92951f9,16.0
987,84537d1e-43d4-46fc-8922-af2d021bf879,16.0
988,8a7c3af2-7d75-4abf-a5e0-fe8ca756c8d5,16.0
989,96b2059a-54cf-44be-9077-20043ce0e3da,16.0
990,948c77f8-a62e-4d90-a1ae-3075b0f3415e,19.0
991,76eaad5d-20c6-4a7e-b79b-0176b602a4ad,16.0
992,8aba5cc6-da1e-41e3-859c-8f2b592f8bc1,16.0
993,a3092d93-f040-4d65-9824-3ebf2224e0f9,16.0
994,868cce9d-b3fb-43a5-80c9-4e0480919812,16.0
995,8f3b1e12-cc31-4669-ae55-e6f15a47a066,16.0
996,812403c3-0dad-465c-ab64-eaa906f54204,16.0
997,7ffa957a-b6bc-4e2b-b316-2ebf7c1694dd,16.0
998,ab825cdd-cb95-44b1-8828-17ee861361e0,16.0
999,9b819ccd-546a-483a-a298-b1f47f193e57,16.0
1000,9a58dcce-7dab-406f-82d8-30ee04308ee4,16.0
1001,83fc164e-bc04-4ebc-8374-8b4b85944317,16.0
1002,a5fee07b-3d46-44a0-81f5-f0474cccad6d,16.0
1003,959a0db0-5642-474b-937d-2be5445f253f,22.0
1004,84227c50-ceeb-48fb-9de1-e73db29107e3,16.0
1005,a3b7bf12-9a72-4423-8ba6-6d33b79969b8,16.0
1006,aa8699b4-6e89-499d-8ccb-85dcfe67038b,16.0
1007,a9be9a58-858f-4917-a608-2317d6119cef,16.0
1008,83ed6038-6003-4664-ad8b-4148b52e8a2d,16.0
1009,acaea1db-a5bb-4f24-89a8-b594338367b3,16.0
1010,7575e54d-f245-49ce-84e1-99511f03b18b,16.0
1011,a2ae9724-ad18-4fad-aa9f-3f5c400f9198,16.0
1012,ad6f82be-5a14-4cda-9166-ae9153520a93,18.0
1013,8cb9f307-bed7-464a-8964-efaf236bac39,16.0
1014,8c48a04a-7dc9-466d-be5f-25dfa6657f3f,16.0
1015,a9bab89d-1d61-4f81-b9b5-a7261b3c89ef,16.0
1016,aca361df-3100-4b47-aa06-40037d71ba21,16.0
1017,95feed86-113b-4425-b239-a463d13dd6af,16.0
1018,ae109ef1-f090-4704-bdfd-ac0d1eee982c,16.0
1019,ad020b7a-ef57-4db3-a140-e16cf73b2654,16.0
1020,9bd09cb6-6a57-498b-873f-bd51a99ae5ac,16.0
1021,81a9c38e-f35e-4b43-bccf-368c65ff9c46,16.0
1022,a6b42312-a757-4a5e-b38b-328a45e05ba3,16.0
1023,a0f1c01a-d632-48f4-81f1-25f36dd6ce24,16.0
1024,750d8d67-19b2-40cb-9450-1a11a6c1e03a,16.0
1025,7aff03ba-0d5d-4e0c-ae29-47e6f9cc710d,16.0
1026,94e8f3cd-c7fa-42ad-b14b-978492026a40,16.0
1027,9540a7e7-5ab8-4278-a145-19433e6a7f3b,16.0
1028,8604502f-4d7b-4a4e-be3b-5f2f5f18e1f2,16.0
1029,954cc5c4-9509-4148-ae1e-f4524d0d0ca6,16.0
1030,788052ba-d826-4ad9-a5ad-032c069822fb,16.0
1031,a80a1c0b-c1d4-46bb-9326-57be77dd3e5e,16.0
1032,ab19bedd-b844-44f7-b2d1-f4f8afc24a0b,16.0
1033,8b5ae543-a3e1-4db4-b685-74f30f228992,16.0
1034,79fbe4b9-20a8-41ea-80c1-bc55ba909d5c,20.0
1035,79ccf4ac-c223-4157-a0bf-d169ce99e566,16.0
1036,937a384c-3c64-4156-921c-61caa926ac75,18.0
1037,a5bac834-2654-4198-9f01-41f7c7c69803,18.0
1038,9d752858-3856-4585-8c87-b3590adedbb5,16.0
1039,9c68bbac-5a64-456d-bc52-12fd2b6710e8,17.0
1040,743a4c03-b7ee-4f09-a46f-412917226c94,17.0
1041,8d5cd68e-665c-486e-ae0d-30eb4c109efb,16.0
1042,9f1d416f-489c-4de3-8982-7f600793752c,16.0
1043,96477802-3887-410c-b921-b22d1460e63a,16.0
1044,82527ef6-cf7b-4b29-9904-76a0e026ecac,16.0
1045,8a37349a-2b4c-4e90-99e1-06552785b7a5,16.0
1046,960b0549-4f2f-4568-b8d5-8708b43df7f6,16.0
1047,ab1e6ea9-f3a3-481a-9c92-e3e90d01aad1,16.0
1048,911d1dbc-92cb-4320-a4ea-2687c1a81e62,16.0
1049,a9f2d2f8-811a-4f15-bf41-25bd2e77af79,18.0
1050,9565bdac-19b1-4c4c-8e7f-a446f38fbdcb,16.0
1051,a4f97ecb-b823-4475-94c7-ddd1c5f1e69e,17.0
1052,ac2c45c5-f279-406d-993f-75e41e6e531e,16.0
1053,72728c84-e899-4ec8-9d00-d23838d613f8,16.0
1054,91288374-9400-4db2-9163-6c73acdc2562,16.0
1055,3e5ebf6e-dd58-487f-9b74-9298ed2c9ef3,27.0
1056,890e74d5-b9b8-4575-b025-091531b0bfe3,18.0
1057,9ea87568-0d20-4a24-ad7b-3357b65b8433,16.0
1058,7816b504-849d-4218-8e22-d398e9ce39c6,16.0
1059,7a48add1-ac96-4d4d-9144-32443f68a9d6,16.0
1060,88e675aa-0ff8-4f77-8d4c-df9035d504d0,16.0
1061,a6bd214f-c5df-49d4-8869-6fb232eaadc8,16.0
1062,8945c4b9-6d05-45bf-8b09-887aecb017d0,16.0
1063,a0a032ff-5def-4203-9c81-67132fb871bc,16.0
1064,ada8a729-1009-479f-abaa-c60f7112a7b0,16.0
1065,7a74b39d-560d-487c-8182-1addc1df0226,16.0
1066,7e7c7a17-1dbd-4546-bd68-690edfbabba7,16.0
1067,8f728be7-48e6-429f-8f65-980939badd7d,16.0
1068,7c73052d-380f-4eed-8429-236e3a5e0100,16.0
1069,849dc895-1594-4c38-b376-ffdae7dbe5ba,16.0
1070,91be85bf-d7ee-4333-a866-786b2f152af8,16.0
1071,8b6e5dac-60a1-425f-a357-920909cfa973,16.0
1072,90374dea-4545-4f43-ab04-d3479c844254,16.0
1073,abba9eb0-580d-491a-890d-5b0f6af5fe83,16.0
1074,ac0384b8-7d1b-4efe-a6c8-fc3e31cc63e8,16.0
1075,a322638b-acc9-4fc3-8c26-8273e54a189f,16.0
1076,885477dc-dd50-4bc1-a8df-85f20006f7c0,17.0
1077,a315fc5c-0871-4088-9c24-d1a10fd69fdf,16.0
1078,9dbb4bf7-3556-4f72-8232-7f0f22f36cd7,16.0
1079,a09aea75-e689-46fd-9620-9d904accb29d,16.0
1080,9f31eb31-105a-4a71-a6bf-f23de1360c85,16.0
1081,a79a9d9a-7751-41d3-80f8-62b9c5cbc876,16.0
1082,8955602f-4e7f-4720-a0f4-ce24ab940f46,18.0
1083,72753bf4-45dc-4ae5-bccd-d3fe632dac6a,16.0
1084,8727086f-9868-4221-be22-0552a4ae2289,16.0
1085,a0ccdb95-10c7-4867-8089-f4e7515f45a7,16.0
1086,97af4524-fa86-411a-90d2-023bd26d8731,16.0
1087,7a09b42a-942b-4fa7-a3aa-217dad9a07ee,16.0
1088,8fdde457-f931-4a31-9a63-63a5d7dabce2,16.0
1089,e6f97f72-96b3-4daa-baea-159b54dcabc6,12.0
1090,e978b49b-4026-424e-9e6e-27c75f9a1063,12.0
1091,fc3d02e6-bfc2-49a5-8376-1c5e5d04e5e9,20.0
1092,eabd7b8a-56f9-467f-b07b-3856bae30231,18.0
1093,e2e59c1e-a906-467c-9496-d4358dd17313,20.0
1094,e6572022-30ba-459c-9938-b3fddc13fb18,12.0
1095,e2472804-0ef1-4365-b1d6-b2b060f954b2,21.0
1096,eca188f4-91a8-40d7-aa03-06a486a633a6,19.0
1097,e181cf8c-b857-4bab-8cf2-7ad692fcbc47,20.0
1098,fc53270b-4853-42b8-b172-208afa25b16e,12.0
1099,f1de8266-6099-40d6-83c5-f40eb676e9d2,20.0
1100,b2036300-8605-4e28-af3e-a9c96858d1ac,23.0
1101,26f6307c-cc36-47b5-aa73-2faebaf6d6b9,25.0
1102,d361328f-0e30-4e8f-ab55-961251ee0068,24.0
1103,6c48e2b8-70d1-4964-8b9f-5b24dc95b173,22.0
1104,fb7bdfb6-73ea-429a-8d35-2f94f5675474,23.0
1105,df5762b0-9d3f-416c-8d1c-4d0f0d2845a5,20.0
1106,584b2434-e655-41c4-b0d7-dcda158cda4b,18.0
1107,c5707567-5728-45b9-a13c-a5e1f55a983c,21.0
1108,e84e0e0a-15e1-4cec-863f-0024e0957340,18.0
1109,f45b2068-d219-41c6-af4b-2660e91f9a3f,26.0
1110,c3651c81-464b-49ad-907d-81b2ebd0335f,20.0
1111,e237291e-dfdb-4c69-9632-c6c4c53afb85,20.0
1112,f4110620-27e9-472b-bad9-e42e163f5737,23.0
1113,ddd8e081-8398-4b85-9fbf-01446b473979,23.0
1114,ac6737b8-c9d4-4d2c-835d-7802c59d87f6,26.0
1115,705547,22.0
1116,f558d776-7e24-450b-b084-32cb05192b72,24.0
1117,bcb3a41e-1f31-44c4-aa60-ee2b3009ff10,19.0
1118,f2ab4a80-923a-4e69-925e-de54218d5ee4,17.0
1119,bcf3d726-ebce-4a8a-b5e6-b1366b212d52,23.0
1120,234baf2d-89fe-4275-894d-11d14cbad61e,25.0
1121,578a1f9b-7c0b-4ca4-acdf-80e386d73b0b,19.0
1122,ee748b5a-5a7d-4dbf-a092-4e65441a265f,23.0
1123,dd0f8966-d790-4bd8-8066-c1bc7b62caf7,20.0
1124,ea665b7d-80b5-4da8-a18a-f02c524c0dee,19.0
1125,e6dd84d2-96be-4fee-abdf-4d13fd20b66a,20.0
1126,e9545a9d-294d-43a9-8598-5a4bde465319,23.0
1127,514398f7-0537-41d7-a0e5-e3fb8423b6cd,18.0
1128,e4efaed2-fda4-4822-a3c1-af2b88e2c770,18.0
1129,f63177c4-706a-4977-acfb-d9a31352152f,24.0
1130,e5f68476-ed9f-408e-9be6-561c937c223a,23.0
1131,cfb03ded-40d6-4bca-82d1-a1bd3576d09e,20.0
1132,ad03ea17-a7d1-4f99-86d2-bba511ed1adf,20.0
1133,56de1aae-b7a6-4f28-8ff8-d64ac2cabdf4,19.0
1134,babff4e2-0433-4b1c-bd74-a6722502c8da,20.0
1135,ce83cb94-288e-465b-9930-09a44603fcf5,20.0
1136,23ad472d-c186-4b14-8631-01b3d5016afc,25.0
1137,56b1b9db-f632-4553-845d-50302efdc719,17.0
1138,d24df17c-8790-4758-a9fc-ca79712b7691,23.0
1139,ac9d2fb6-c356-4350-932a-4272d72f45c0,21.0
1140,ba0bf764-dca7-4d3f-82d9-7a3c4178a6b9,20.0
1141,5d2b784a-e064-4bcd-b81e-452c8fdf406c,18.0
1142,c34f8a48-af6d-49ec-abf2-8fe5d786b68c,20.0
1143,c2b99242-1349-4bd9-bab1-5874e5540281,20.0
1144,e84b8bb0-e09c-464b-b1a3-7a866209faf9,19.0
1145,efb47da2-76ed-4bf7-8254-beba09d2c0e4,18.0
1146,5032d00a-0b18-401c-a615-f0b146e94618,17.0
1147,b1847b59-259b-48cc-8c41-eeb0d189fc45,26.0
1148,6b15e09d-e5a1-4f2a-b6e5-34101d380990,19.0
1149,bb71ae95-db48-4d5c-bb24-714ae71ef5ab,23.0
1150,bb92a5a0-cbb7-473d-afe4-9a1bed0d81fa,20.0
1151,bb7ed472-509e-4f8b-8353-60a4abb75445,23.0
1152,e5647b44-bfff-458e-8804-38a4b21a8cd2,12.0
1153,2fcd3144-dbad-42fd-a493-783aa7931919,25.0
1154,aa5e6774-6882-462f-978d-53717dc63f47,21.0
1155,6016dc6c-1f67-43f1-ba75-b82dd4df0304,18.0
1156,b857b476-45b6-4c8c-9d79-1d13a1ade472,21.0
1157,5bf28244-344f-43d5-82c2-c06a3786cace,18.0
1158,c533b75a-a4db-49f2-bb4b-016388410ee9,19.0
1159,4f3ffac4-40de-4971-9152-98e758bc0377,18.0
1160,a7692719-3302-4802-bbe7-7b6d1e220799,23.0
1161,5e385a99-6b25-417f-92dc-2ee8b01c80d9,22.0
1162,b12bb665-b63f-4037-a8d8-469eba061144,23.0
1163,f22b180f-7c22-430c-b854-62b39d18914f,23.0
1164,fc048189-9e6f-41f5-bfd3-f5820e155262,22.0
1165,e7bc40a0-83f1-4374-93f6-5fb813a3abde,23.0
1166,eb9993d9-f93a-490f-ae7e-3e15457c00fb,20.0
1167,f95ea335-1dfc-421d-b71f-da5486d9fc88,23.0
1168,ec736edd-3989-4459-bc75-847ee3323a93,21.0
1169,fc4bb150-71c9-4c01-8ee8-9849a8e6b4f7,20.0
1170,e26eac09-24a6-4189-8187-5c0d077da2f4,17.0
1171,ec02f62b-bea0-4a41-9266-e13e15545797,20.0
1172,c285d5d0-875c-4bb8-9e89-03bb91bc44b5,16.0
1173,04f8fa34-2746-494c-a5c6-eb58fdfa8824,12.0
1174,e6f0a0ee-0830-41c1-8c9f-ed32b951344f,16.0
1175,1f860b1d-f36e-49ed-b32a-50e952e87aa9,12.0
1176,c2356790-bae8-49d2-99b1-9dbd7dfcfc9e,16.0
1177,cd4942fd-2778-46a0-bba7-284a6948184a,16.0
1178,df82b5d3-d09e-4f63-a781-41b33c9b5984,16.0
1179,0df6a50b-7152-4cb9-b1f6-b6fa49c6b9e5,12.0
1180,c4d8a6cb-b3d8-4a09-8016-dc9c4d93725c,16.0
1181,e7f67b3e-5f20-4d05-8960-3d00414d6691,16.0
1182,d15a172f-088f-4fef-a5cf-4b8cfaade599,16.0
1183,11c3c26b-be56-42ea-9b3e-0e3755e681cf,12.0
1184,c641662a-feaf-47c0-b29f-3b9c6e58095d,16.0
1185,be1b6015-b87d-4ce7-84eb-9fa08151656f,16.0
1186,b5029f0c-7dfd-42a3-9916-1e3dac10489c,16.0
1187,b4442233-8054-4c55-ba95-153db61af38c,16.0
1188,ed7ec925-bbb0-4565-bcc6-0719adbc26f3,16.0
1189,c38b129e-fe24-400a-a089-f06766949c41,16.0
1190,dfc3beee-f992-4344-8ff9-da8c852cda8e,16.0
1191,d3b6fd30-7469-4e97-aeb0-2aeb7018686c,16.0
1192,d44ab5ad-0688-43c5-b245-74d86891dde3,18.0
1193,d9db37fc-155d-4336-98a6-2fe0df890b39,18.0
1194,b5ef3774-092d-4473-a691-0a7c7e876714,16.0
1195,eed068e7-2f9e-4b17-a6c3-c1188b86ef0e,16.0
1196,bfc5b1c6-838d-4db2-ae2b-b6dec653bf98,17.0
1197,0a22bf2a-6eaa-47d1-be6a-be92ef1396a9,12.0
1198,cfc19d9c-9c71-4f4f-a9fe-6ccf041abb4e,16.0
1199,bde78140-1a0a-498e-97a2-c2416eb3f2e9,21.0
1200,cb5f67c8-9503-4af0-8bfc-d328b849ca0b,16.0
1201,c54edab8-f2e8-4f69-ae28-7dedd376c196,16.0
1202,b033d850-daff-4357-b608-c2e465bdc03c,16.0
1203,d0511132-d16d-4dca-a7ae-f69c7c59d144,16.0
1204,11770f6b-f366-4ff6-b8f5-9836b3682f45,12.0
1205,d427ab8c-7320-476c-8daa-8bf661ed68a2,16.0
1206,51e6ec82-e3e8-480b-9c0b-2aafbd9e3e4c,23.0
1207,c62e3ec8-d93f-4485-9777-2b28c2585fb3,18.0
1208,ee183b53-93b0-485f-a6cd-e52aef9131c3,17.0
1209,d9cd9031-02f7-4224-9006-e866b2401fff,17.0
1210,bf5250b5-f5b3-4ec7-9493-6b08630e4185,17.0
1211,d51e2280-03cf-4ab7-b662-e092dc1bbaa9,21.0
1212,c56180f1-bd95-4193-a0a7-b9f820eb06ab,18.0
1213,b51fa0b1-f40e-418c-9a85-2d6c22fc46b5,22.0
1214,50f8ee05-7caa-4ea8-aad1-4ee9bf240cb4,25.0
1215,d8b18c6c-e2a3-4571-b62a-e7e84e5a5b95,18.0
1216,d9418c43-1a1d-47c0-9cd8-bc8739b84c46,22.0
1217,b86857dd-c87c-4875-82fd-96019b0f5c3e,21.0
1218,b37ba3ce-60ad-49bc-99d5-113618839fa6,18.0
1219,d578fa0e-135e-4599-81a8-6d71d9aaccb7,18.0
1220,ee486a3b-5603-44c4-ba3e-910a5c1b4f37,18.0
1221,ee88c31c-2bfc-44b3-95aa-8cdafb05c83f,18.0
1222,4a7d863c-f3ce-4806-ac7c-77f1db57cec3,25.0
1223,c0f9273c-411c-4235-bd7f-179ea78ba533,21.0
1224,b6fbc049-07c2-487e-a804-ebb454bf1c0c,17.0
1225,e834d054-aa54-4632-86ea-e86abd41e0d8,22.0
1226,daa1431f-78bf-4d83-9ecd-0ebc12083024,17.0
1227,50087fa7-b24f-425c-8842-77eac1bb3b7f,25.0
1228,b87059fe-7364-4a71-89ad-1142a8f67c27,17.0
1229,bab1f9f2-fee7-4421-a139-47b7b3c5b1d9,21.0
1230,cf81f73b-b414-4f06-acb9-dc42633a7ab6,18.0
1231,e6b4e858-bb53-4546-9907-fcb1362c71ef,18.0
1232,b7682970-43dd-4704-93d6-9638bfd108f4,18.0
1233,d7f6e661-90b2-46ce-9e9d-fdf94314a082,21.0
1234,b8c570bc-4c12-4a80-825d-62cd214dedd4,17.0
1235,dfbaa674-c183-4200-b385-584e87e19176,17.0
1236,bf7515db-b7b3-4b9e-b541-341d02ea737d,18.0
1237,455871ce-4fe2-4565-852c-299894d5b2e7,20.0
1238,e8ba3c57-d0ba-46eb-b08f-c70b2eb6855d,18.0
1239,c01bf30d-870c-43b5-afa8-03db4d1c24af,18.0
1240,c7c69a41-d9d0-4d0d-bb80-13ad6c32ec40,22.0
1241,cf2c0457-c0b5-47dd-84fa-5fd88d86d555,18.0
1242,ccb80561-6d9f-47cb-811a-a2451503f517,17.0
1243,1492d1f3-6100-4718-9d38-53d8fe64179e,20.0
1244,df7ca5da-1dcf-4fca-8d25-f072b15e1acb,17.0
1245,ca298fc8-96ab-45d2-86ba-91f069e349db,18.0
1246,c313d7d3-4ec6-4ca5-b7b9-3068cfd0b9db,17.0
1247,e7999fd8-fe5b-4f94-ab1c-608a4193d35f,21.0
1248,b684d412-c158-4d70-8dc4-678324589d80,12.0
1249,7b6f611b-07bb-4eee-9de4-57fe09d5c32f,12.0
1250,a74556eb-de49-4b8c-bb6b-2c554c4dafe6,12.0
1251,df04b73f-7da8-430a-b20a-5617f585d398,13.0
1252,9e8a9e23-ae88-4b6d-872f-475ba6b9348d,13.0
1253,ed9359c3-5170-4369-9b74-8891c90c49e0,12.0
1254,8853152a-f952-44db-be1b-26ac322c1231,12.0
1255,be663dbd-e9e2-40c2-8f6e-c9f990e3c651,12.0
1256,f2455dbd-70ac-4d6f-bfb5-855a5e7dda93,12.0
1257,c325fb9e-4b1d-47d6-b703-c13adc68de21,12.0
1258,bf5f6c04-9e55-4c3f-baf7-02ab3f88bd8f,12.0
1259,b5e6e052-b9e8-4abe-af1d-997ad94d1134,12.0
1260,9bc0b43b-1e3d-42dd-95ea-d4ac749f7684,12.0
1261,9d4e40c6-2440-4761-86d1-1372d39105e7,13.0
1262,e71e2ae8-7073-4835-be92-2af25a870e2c,12.0
1263,7d17ffab-a78d-4fcd-b91c-851783ddac3b,12.0
1264,eb8a3611-089a-42a9-8e7e-dad151997772,12.0
1265,b8ce7a8a-beed-40fb-b6cb-4a29fe0e459c,13.0
1266,f3fcefb9-32e9-41a6-b6fa-17ae39150e2e,12.0
1267,urn:isogeo:metadata:uuid:3d02f69c-4a78-428c-936e-079a39424077,15.0
1268,a7e10309-6def-4edf-9c87-b885562e4ac0,13.0
1269,ab0d8006-ecc6-4576-8515-7be83e7f72eb,12.0
1270,ceb8da1f-9480-4378-8955-8e3eb3ffd583,12.0
1271,ee40f0e2-4a46-48e7-9216-6a2643d8fdf6,12.0
1272,a8ed5fac-617b-4954-842a-3ee57d73a805,12.0
1273,e227f588-1c05-42a6-9b81-84bc6acf18f1,12.0
1274,urn:isogeo:metadata:uuid:05ce111c-bf59-4b0b-8b5e-decc00c54bbb,15.0
1275,ae0b6096-d17b-4130-927c-ac685e039935,12.0
1276,urn:isogeo:metadata:uuid:3507118f-fc1d-47c7-95b9-295a9b9acf99,15.0
1277,a484be2e-0fb1-486c-b1e3-793385a9f1e2,13.0
1278,b4d11b7d-6b26-440d-b38a-9d2d5322d01f,12.0
1279,f6e3740f-c6e5-4495-b5a8-0764316057c1,12.0
1280,d9524adc-b024-403d-8d39-82517e7fefa1,13.0
1281,b9589448-355e-4cdc-af83-bb5af1e13a4f,12.0
1282,d3ccfffc-5963-434e-9196-e6a8f52e6f93,12.0
1283,d14a69d6-2ef8-4793-88ca-1a53bfe05d7f,13.0
1284,cde92d51-c2cd-4321-be51-846e018b1793,12.0
1285,ced562eb-83dd-43c6-b46e-0e3906645e08,12.0
1286,a63eb172-b29b-4dba-ab7a-9c0ede5c3c81,12.0
1287,cf4c2e0c-f11a-44e2-804b-6cb0c42814cb,12.0
1288,e1c87bbf-aa92-4e99-9dca-49545554ce56,12.0
1289,81de3d8f-4f79-4c33-b185-8f123f7c3166,12.0
1290,96432ad8-1373-4173-a5e0-b598b9f9e637,12.0
1291,f0f52d74-3c11-4a99-8419-3cbb8ce337b9,12.0
1292,89b0d15c-cd42-4d50-9cb5-731d5224b5a8,12.0
1293,9e886b3c-34b7-4d0f-86cf-6ecafb43d626,12.0
1294,99f0b1b4-ce33-4972-a8a2-4189b4381ccb,12.0
1295,99dba97f-cd6b-41fc-baef-1d15a571d01a,12.0
1296,abb3e59e-157d-401f-b9de-094ac9f89455,13.0
1297,c8e5d29b-bb03-4b3c-b65d-af3d9f7d1c9f,12.0
1298,e8306cb9-2ed5-4364-a69f-eea290dbcdf2,12.0
1299,8931ec9d-ba7e-416d-bd6c-0f661272daab,12.0
1300,c361a5b0-0d62-45f5-b3a3-84f901b89a5c,18.0
1301,d6724eae-dd5b-407d-865b-15200bd523ee,18.0
1302,b4bc0d39-4a67-44e3-9fd7-aa66bd2e8540,17.0
1303,9ec26657-d9fc-4488-b167-ebd07e4e90b6,20.0
1304,d3c1787d-f710-488b-a9bf-397a2e9926a5,17.0
1305,4a7fe54e-555e-4c99-992a-32ac5b3d428c,22.0
1306,dcfdb6af-22d1-420a-928b-1ca31f93cf68,17.0
1307,d2e9c2d9-0fc7-4485-aa34-97947de7c67b,17.0
1308,ae9e6555-2af7-4312-8476-fd3d2cad71b2,17.0
1309,e56dd842-d0a9-424a-96b3-a9d7588a84dd,18.0
1310,a2b9b43b-de61-4b54-8f87-c752aa861128,17.0
1311,9e6ccf71-b31f-4580-9c1b-d149ec864e42,17.0
1312,a8789f83-8ddd-4d06-b402-87a0be3e8b58,18.0
1313,8e38ae94-f98d-4705-9da7-743f05b4a577,17.0
1314,393c4127-4f78-445d-bd83-ed795626e936,23.0
1315,a737672d-8711-4bca-a1cf-009842e4dc10,22.0
1316,ad9d7e99-2204-499c-8b02-8950d8b81417,18.0
1317,adee4652-c0f2-42bd-aa4c-ac534191fbf8,22.0
1318,7a2e8aae-9ec5-4bab-9f39-df490aed968f,18.0
1319,74a31d6b-9415-452e-b346-79337385583f,18.0
1320,2fdb0caa-6032-4eef-81c4-07a9b8bf7919,25.0
1321,7c6b087e-57ad-4662-88dd-dba46bc02420,19.0
1322,7ff0fe0f-220d-46c0-bc93-85a25e772264,17.0
1323,9ca0f569-7a6e-4bd9-a000-9d72dd61686c,17.0
1324,3e50af4d-0d49-41e7-b444-43a04048567c,25.0
1325,7cf0ce8e-ccbb-4fe8-9682-d289665a49fc,17.0
1326,9a956ee1-446d-4b95-9994-159d60cf985c,18.0
1327,aaab8da4-894c-499d-ad9f-8b04d2e8391d,18.0
1328,7e7b0ef8-096a-45e0-ad72-f74b4a51812f,17.0
1329,8d561836-9470-4516-8602-248a05b72748,18.0
1330,ce4ed271-cae4-4c99-b6be-63227eb6129f,17.0
1331,4df83a57-d862-408d-acb0-cd2582d3d3a4,26.0
1332,e0695815-231b-47b4-915b-6f660d3cd2a6,21.0
1333,cfdba2cc-d611-4c13-a514-6fe3a2a40054,21.0
1334,da8177db-e476-45a0-aff5-f21e140d5990,18.0
1335,b4b041f0-3243-429c-86d0-927578ff77db,18.0
1336,cdb8a386-d897-4c38-8add-50426b0f6842,17.0
1337,dc9bedcd-0f66-44b9-83dc-fabcee8ad457,17.0
1338,da165110-88fd-11da-a88f-000d939bc5d8,18.0
1339,db1e7df4-198b-40a1-a9d2-7dd734987037,22.0
1340,b42627a2-1cda-4a8c-8ba9-0c7d35c1cb6e,18.0
1341,e8fc32c9-338a-4b63-ab7a-d299bff1734b,18.0
1342,83102711-65f8-4bdd-b608-438e89e90b8c,20.0
1343,c92690a3-b5a4-42b0-a91d-37f2c8233a47,18.0
1344,d307c074-2133-469f-bf61-63a963437520,18.0
1345,9ca0ef97-26b3-4755-9d4c-49bd32cafb05,20.0
1346,960fe8c2-2ea8-4e83-bfdd-53cfa3541ed5,20.0
1347,4991d1b9-e494-44bb-9860-f75f72e80838,12.0
1348,5ce0c795-1516-4248-b970-cee19708f8fc,13.0
1349,663ef0ea-6bda-4609-8563-d61da0fb9d3a,13.0
1350,4732adb9-56f6-4dcf-a93f-32de4cbb8fa0,12.0
1351,62d06f21-8290-4378-9051-9601d30dce1c,12.0
1352,6b4c4bcc-8e55-4b36-9ca0-b8f90c4d0ac5,13.0
1353,5e6b84c3-ea0f-4210-bb3f-5d42e0ac5b62,12.0
1354,612f05f6-5d5f-46e3-bcec-f04910c6bdc6,12.0
1355,4fadb482-d5a4-4130-b871-484160c4a605,12.0
1356,447c6f9b-7ae6-42ff-98ff-75170a1bfaa7,12.0
1357,551331fa-c4b9-4eaa-ada0-0316e0ff2710,13.0
1358,6c92af24-7d22-45c3-b687-012797c5617e,12.0
1359,64d2f316-4fb2-447b-964b-dcd3c6a6fe98,13.0
1360,4ebb13b7-3b0b-4bae-bbd8-82efffdbf6f4,12.0
1361,59ecc70b-c5b3-401e-b974-d81bc291c8f2,13.0
1362,4db2fd73-3375-4f1c-be44-9a0ce07cffb4,12.0
1363,3e6a8bc9-2d27-4b00-b9cf-8a0defab79ad,12.0
1364,46f2ca8e-416d-49da-8434-6f5be2c6a66b,12.0
1365,3f58a86e-8456-478e-8541-6234624bf9cf,12.0
1366,58019f5f-fa3a-490c-87eb-23242865bac8,12.0
1367,6308d546-7b18-4670-8ac3-4cf1687eebd6,12.0
1368,4ed7d7ba-e189-468f-9c3a-4e870e324452,12.0
1369,3fd44049-c388-4d0d-855a-b1447bf4d2f7,13.0
1370,581167bf-7ec4-4c2a-8ce2-318ec6d44924,12.0
1371,6189c4e3-546e-4459-b8a5-fe998c91a2a3,12.0
1372,5b06eaa7-265d-4ac2-af9d-2c07d036a5ae,12.0
1373,3e188abe-33b4-4c59-9182-fb715e979149,13.0
1374,3508277b-3927-4ef5-ba02-846ff386263d,13.0
1375,34202c18-818e-4c2b-97c6-570545b07f73,12.0
1376,31b2c2ea-5938-48b6-b4a3-a669edf33cbe,12.0
1377,3b72beb1-2018-4079-af3a-65d7087c3e04,13.0
1378,390410e5-af42-4703-83c6-ad55f82d8f4b,13.0
1379,e477c849-a357-486e-ba4c-fcd8051c1ed8,16.0
1380,b7d27411-2890-48a2-bbf4-c792f0fabd9b,16.0
1381,c915fedf-1fcf-4049-aa6d-8dfaab076fa2,16.0
1382,c18be844-7de8-4222-b18a-ff4b99dbc6ce,16.0
1383,c4781cf2-7e15-463f-900c-c6050a209c20,16.0
1384,ddeebbc1-eaae-4996-bc6b-ef46979dad39,16.0
1385,1f2e1f54-289e-4b08-a253-e352e57c56a2,12.0
1386,e26aaea8-3b61-4d9f-9638-033357ea473f,16.0
1387,b5824efb-5f2c-4c59-8748-fc47be7da801,16.0
1388,d5b6d656-db22-45d4-890b-c94e758d21d2,16.0
1389,ea356ddc-40f5-4d49-add8-383e56a959d4,16.0
1390,ae309788-a51d-4d13-b623-7e442525806a,16.0
1391,bd205ae6-20a9-4782-a204-ac8bb1c04bbc,16.0
1392,4ab261ea-9902-43e2-bfb9-6c19c2b803cc,25.0
1393,c7541d51-700a-40f2-8d58-26a426486ab6,16.0
1394,b58ad867-1713-450a-b29e-e2b476ac4165,16.0
1395,db9a10bd-d73f-4c81-9f47-8660741bb4f0,18.0
1396,e4be0738-e4f7-4315-925e-30209e1043d8,16.0
1397,de97570d-1559-41c4-8e50-2b79a87a710a,16.0
1398,be542123-89b5-46a2-8e29-bd75373a5890,16.0
1399,112bcf59-033e-4637-8d24-7c8791ddbfab,12.0
1400,c711d8e3-86f1-4d34-a7d4-6ee3b8869693,16.0
1401,c87e946e-0b83-4f7f-8e55-676c4e03ec25,16.0
1402,eeac909b-7b7d-4eb9-894f-fbe3f221e3ae,16.0
1403,ed804f93-fa42-47bb-86d7-9a9a94f5dac6,22.0
1404,c52dc980-439f-44b4-b6ed-6ebfd4e175fe,16.0
1405,4d080717-0cd2-4116-8e58-d2d64962f593,25.0
1406,c2da7f32-9dd6-4f80-92ec-cf3479273621,16.0
1407,b6ac11a1-e3d5-443b-a6c7-29b16b0842d5,16.0
1408,be72022f-f197-4194-9199-3d10cbc04118,16.0
1409,d30af8f7-ce84-41b6-8597-6f66a6078a1f,16.0
1410,e3a8745d-bdd1-4777-b2de-a6937257aa17,16.0
1411,b9f579e7-5ff0-49ef-954d-cb5c81404f91,16.0
1412,bc7c371a-a56b-4d21-9020-c3250d13b080,16.0
1413,de941052-b3ab-4e0e-bc34-8aa2a0052f0d,16.0
1414,e7668d52-3ce9-464d-8346-fe9012fdf50a,16.0
1415,cbfaac68-6b5d-4da8-8460-35c8b6373686,16.0
1416,c576777c-eeae-4334-8e96-2eb2e7711d5f,16.0
1417,b981726b-d749-4e01-a975-722866a54f6c,16.0
1418,dc5e1383-bb1a-451d-a20e-270a18be4c56,16.0
1419,c2629e87-0957-4ad1-91d1-ee0cb9085d9a,16.0
1420,22a1c3ca-73da-4a3e-963d-586d8e52342b,12.0
1421,c8cdebdf-92dd-412e-8a55-f6e8dfc9e8f3,16.0
1422,c079caac-e62a-45fe-b3b3-0a825b7c27d1,16.0
1423,de13b338-5034-4ec1-8d49-e9daac1c9619,16.0
1424,d3aaade3-dbde-4f9b-9833-4dbc38531f7b,16.0
1425,d2c0710f-a02f-4d0b-84cc-e7b42495d1e5,18.0
1426,ed473484-ce9f-4a5a-8972-9d6252649d9c,16.0
1427,0e18ae04-d3f9-4218-b0ba-8453d046f181,13.0
1428,c72c4192-4733-4aab-a936-a8d0f6fcff91,16.0
1429,cbf664f1-cf41-418d-b267-f8f56ee57af8,16.0
1430,e570f1e3-abad-4f66-b92c-88ee5f4716c2,16.0
1431,bd98dc96-d94f-4c52-8f8f-d8a31e97337b,16.0
1432,e6577e19-2af3-46b4-beb2-d2b5dd82e919,16.0
1433,ea74422e-1951-4648-86ea-b0e4fdad57fa,16.0
1434,c079b65d-f03d-4eba-96cd-a13fe50bbbde,16.0
1435,062a3fd7-ab09-48ca-9a69-5c68d5e8eedd,12.0
1436,c558a982-4a30-4a07-81d0-3503985fc00e,16.0
1437,2c487f89-e2b3-489a-8941-98adfdb32685,12.0
1438,cf0ff5cb-bb68-4083-87b3-31bc92d817f6,16.0
1439,d052079c-5270-4150-89d2-0d26f42af717,22.0
1440,b338eb7a-ef50-4335-b298-cd63425c44fe,16.0
1441,c3fe73d1-64da-4671-8c25-60483a3dba2c,16.0
1442,cbb9e174-f697-41b5-a1b2-fcddd9b84e8b,16.0
1443,116426db-c8c9-4534-a0bd-95c41640dc18,12.0
1444,e348c539-e0a6-4504-b285-9d88c94123d8,16.0
1445,b0fbaeb4-6a93-48fd-9951-ae0cc6c0db1c,16.0
1446,000f9750-a679-428a-a8bb-2340f6c29e12,12.0
1447,b3b5ac1d-06f2-4231-a899-f3145c32c4c3,16.0
1448,ee821576-0395-4851-b980-297367a499b2,16.0
1449,b1ba7463-e944-4e31-9ca7-5d2c64f7a214,16.0
1450,20d863cb-4c8a-4a9f-829c-c0a044bac3cb,13.0
1451,c5003eca-4df3-4357-83c4-d1a517a12f62,16.0
1452,dbe973b7-ea90-4471-81dd-5f6ed2764782,16.0
1453,e80520ee-e576-416a-be7f-bf4beae84937,16.0
1454,cbdadf35-8901-4446-b472-9428288ae713,16.0
1455,e6a88dfa-4888-4683-9c96-372c1fe3c0d9,17.0
1456,cc4b7bcb-fd0b-4913-8163-b9f29b941022,16.0
1457,b0210620-7121-4006-85c9-ec3309725649,16.0
1458,d9e45dbc-9aac-4ae2-a214-55a0a6550b56,16.0
1459,e3ad320d-f77e-4d59-8425-1fe11f754720,16.0
1460,e26ddf58-59b4-4595-9b81-07f503089b59,16.0
1461,b8aae6b6-ef17-4d13-a251-2f4a65c70856,16.0
1462,d48b47e5-5e70-4341-9a9d-8a06da07714f,16.0
1463,b01861cd-465f-4b7d-a532-97bcc24eef87,16.0
1464,c0f57754-7ea9-45b7-9107-f31664a9ff1f,16.0
1465,e369b557-11c3-4ee1-b3b2-13e3a4c2b284,16.0
1466,cbab099a-c12a-4568-95e3-5a2523f969fe,16.0
1467,2b623152-516a-4392-8010-1f2a656aa0b9,12.0
1468,e2b28e48-c170-4c55-b3f3-5991bbd2a540,16.0
1469,e91ff889-5fac-4aee-bebb-dd2345af02f2,18.0
1470,b841be43-9302-4286-9f0c-c27d7613032c,16.0
1471,e4db8e1c-e5f1-4fad-9797-c3923e2215ae,16.0
1472,a0027a4c-0870-4987-beb9-14567002ba82,18.0
1473,a16867bc-2c8f-4756-a4f4-b7a4fd3c7413,21.0
1474,75e38691-2342-4c6d-8028-69ffce1acab7,18.0
1475,93ce64d4-64d2-4553-b62c-9847f7ab32bb,22.0
1476,8c4fdc31-d055-495e-ac71-d4e5bdbf1f84,22.0
1477,33d6acdb-8f7d-4687-9a29-9882864d6540,26.0
1478,427b9a8d-551c-4331-98d8-7317edae360c,26.0
1479,a524d0f7-cba4-4988-bd59-930154532778,18.0
1480,764ba08f-3059-4d98-a21b-199040ee30b8,18.0
1481,8acb2303-f465-48c5-9402-7967412c49d7,18.0
1482,9bc0583a-8cbb-4dbf-ba3f-fe715264bbff,17.0
1483,7ba2492b-8777-4c3e-a405-d89e4bb1dd67,18.0
1484,95c6ad68-7e93-44e9-93c1-5053a3eb9761,17.0
1485,a84d4827-197a-4597-851c-1a1d7ccd98db,18.0
1486,a200ac05-aa5e-4c08-a8ca-2c403b19866f,18.0
1487,a2082c03-c98c-4ce8-ba9b-2af86aeeb15c,18.0
1488,38c22c28-c800-4931-8933-d041b11b7540,25.0
1489,aced5a82-6a37-48b1-8e32-0cc17bed2d93,22.0
1490,abd9dc3e-02ee-4e9e-b26d-2f211b41d59d,18.0
1491,a3fcc564-5944-4eb2-91cf-74e757b18f19,17.0
1492,9d9b88a3-370b-47a4-9df5-3b7fd60d5081,17.0
1493,aaf9ee9a-e521-4997-8b50-6cb06db50d13,18.0
1494,a4edfe6c-fc97-4424-b41b-02c27db16d83,18.0
1495,a87263e4-e732-4f63-b948-c7a848bd03f0,17.0
1496,9c8e0550-ab2d-4d50-8004-9582f96942ef,22.0
1497,7ac8352a-bb65-4492-bb26-f748637e0544,18.0
1498,7dd32711-fac3-4265-bc7b-8c528897d92c,17.0
1499,a34f1a52-3ac7-4059-b8fa-4dc46a45ee07,18.0
1500,EDF-AERMC-AinLeProgres,22.0
1501,78ee7b79-03a6-4d42-a95d-856f7af6bff0,18.0
1502,3caba1eb-b46a-42b0-8049-0d9f421339be,25.0
1503,91eca730-ae73-4963-94cc-210da4276abf,18.0
1504,9e43885f-064f-4f50-8bc4-10ac9d26bc17,21.0
1505,99f3f3ac-01e9-4f7c-9b19-5cbfdcd7e3c7,18.0
1506,ZABR-AE-Action33-presse_DL,22.0
1507,913bca3a-c724-450c-9750-70e33d8a7fba,17.0
1508,7a40a6b5-d2fa-49a5-aec9-766091d7e530,22.0
1509,EDF-AERMC-AinQualite-2,21.0
1510,77d0ba61-caf1-4fca-839b-601df8288567,22.0
1511,9a342167-2c4c-4805-ad50-0561ef54bc19,17.0
1512,38031223-aaf7-4138-b46d-a99ccdf95ff4,23.0
1513,8e4a4787-ebf3-4de1-a834-867b12f53388,22.0
1514,89c255e8-2a7c-47d6-9f87-bbb880804043,21.0
1515,7c1858a9-e5dc-4da7-ba0d-e96662e333e2,17.0
1516,330b1033-2547-4a38-8933-fb1925ecec4f,26.0
1517,a5c811a9-f857-465b-a1c2-5cec214effeb,17.0
1518,a413f831-1724-47f5-8108-008f6b8e4307,18.0
1519,90946169-bfe3-4ce4-b27d-682d9b71f377,18.0
1520,78f93047-74f8-4419-ac3d-fc62e4b0477b,18.0
1521,bc880b49-62f7-49a3-9dd9-878b227c1083,16.0
1522,8d5fb6e3-13a2-46a2-9446-5dc6f0467e1a,18.0
1523,9b0b28b7-d756-403a-b115-75d37014210e,17.0
1524,EDF-AERMC-AinBarrages-2,22.0
1525,EDF-AERMC-AinBarrages-1,22.0
1526,99c35995-2ce3-4c4d-9fd6-6ca3795e708a,22.0
1527,7b53ca84-b76c-473b-a33b-447ea31d23bf,18.0
1528,91736af2-aabf-4b97-b638-3be055345b28,18.0
1529,82c748ca-d656-46ac-b883-d353e75a54c7,21.0
1530,919b6bc8-3ff3-462f-ac6a-b01ee4672a87,22.0
1531,UMR-OSR-toitgalets,22.0
1532,a05c12ea-8349-40cc-8f23-fc3b5b79f768,18.0
1533,9bb70940-060b-423a-acb9-8f88d515c676,18.0
1534,9eea9b14-5e31-4eb7-9a88-41e51b77819d,17.0
1535,383d0526-f703-4910-85e9-f145f80e3b0f,25.0
1536,47dfcda4-fffc-4615-bf0c-5c52b8aa2e1b,23.0
1537,3f5393a3-4cb4-4603-ac6b-e16aa699a31a,24.0
1538,8d00d1bf-0b2e-411d-9295-f60bf3336b0a,18.0
1539,41d86c18-ef66-47ff-b228-8b0e8452a094,26.0
1540,9c460fb0-1a07-4f66-bb0c-8ca48306a085,17.0
1541,92bec6dc-3a32-4100-9ec2-d0a8b7aee9ff,18.0
1542,95aef630-edc4-4d52-b85f-ddbd10df9771,18.0
1543,84863dc7-fb16-4770-a91c-301fd11aeed8,21.0
1544,84dba7b9-841f-4273-9ac4-49441ad49c2c,22.0
1545,df64c15a-0d24-436b-9a98-5c062ee6fbed,23.0
1546,f5e087cd-d165-434b-b5d1-af7f7e2a5008,23.0
1547,f7309c60-a7c4-4a13-9725-a2d726854ae9,23.0
1548,e4617185-4f84-48e2-b486-9a1712cfe80a,21.0
1549,fb19e604-5240-44aa-9c2c-19b35773a32a,25.0
1550,f70bd4d4-05b4-4d58-ae76-252f1dcfbdce,23.0
1551,49184031-eb3b-470f-8f70-c9d926989149,23.0
1552,a4be468e-aaef-4079-934b-6d760c269c96,22.0
1553,fc86ebf4-4f49-4b8d-8bf0-b0c4b768b85b,16.0
1554,fa9300d7-a1f0-497a-84fc-ee05661427c0,16.0
1555,fc4fb56b-313f-4ad2-aefe-0fc1db5f6f91,16.0
1556,f8f55738-000b-41a7-9586-ca6cd360067d,18.0
1557,fdb2ac5d-2720-4222-932b-d9e691fc9315,16.0
1558,ff468e1b-9199-45be-843d-eb6295e1abe3,16.0
1559,f547ddb0-3e2e-41f0-a4ae-ec2cc59de649,16.0
1560,f56e06ed-cbdd-4a89-8585-6ecc4466c118,16.0
1561,f76a9444-3caf-455f-97cf-a7a943dc32f0,16.0
1562,f9b6bff7-c8ff-41ad-ab2f-c2fe854cec2e,16.0
1563,f4389663-08dd-4ea2-99fa-b1d40fd72f66,16.0
1564,faf6773e-f143-4504-8e64-05873413701e,16.0
1565,f882b744-a13e-44a1-8029-ce1e048d6af1,16.0
1566,f1357995-e6c6-48f3-8579-21aac4918c0c,16.0
1567,fa9da4b8-94fe-42b1-a430-948b63cd8df5,16.0
1568,f8e2b36b-e61e-4596-b964-dba23211bc71,17.0
1569,f6f98b57-735d-40c9-bb39-f82f5b531c65,16.0
1570,f7240299-426f-4857-ae58-a293afc08d5f,16.0
1571,f61e58f4-70a6-4338-b3c7-26905059e410,18.0
1572,f68e66be-9928-40b4-890c-592ba7996575,17.0
1573,f8579ec5-975b-4a79-bbb8-58c217aa438b,16.0
1574,f19ef18d-51ab-4b65-872f-ba1fa1b6c9af,16.0
1575,f586e9b6-96c6-4968-aa5b-4222137fea34,16.0
1576,fede6362-f625-4407-b054-2b35a58a6b8a,19.0
1577,ff45e02e-3a56-4556-b1be-6210877a9015,16.0
1578,f2cab667-d6fe-4a83-b680-46dba164e852,16.0
1579,f734b72f-f11f-43f4-84a3-37bd841aaa0e,16.0
1580,f6c38dd2-90d2-4274-a18a-9ff324fac339,16.0
1581,f090349a-6092-4f9b-af6e-96af81e6fe46,16.0
1582,fae32c57-0435-49cd-a39e-f74bac0222c4,16.0
1583,f636e539-a63c-4d03-87b8-e88cf377d2c2,16.0
1584,fb1d65c8-2d38-481b-afd2-06623a3c23f3,17.0
1585,fddacd3c-1bdf-4e7a-819e-5583eeafe3b5,18.0
1586,fb1e32ae-af4f-4262-bafa-9852f9fe68d1,17.0
1587,fcb46e1c-5c6f-4425-a73d-89a633af4c41,18.0
1588,f885ebcb-a399-4c3d-a75b-38974a10dc78,18.0
1589,fdef6f8b-9615-4099-928a-e8542dd89a27,18.0
1590,f6ca2c21-cf8a-49cd-b31e-6c612a446279,21.0
1591,fb5efc8f-75da-430e-a6aa-627e066757fd,17.0
1592,f924ebe7-d3fb-486d-9074-1c2a8ad846b7,18.0
1593,efd3d291-3de5-4d13-bc3f-bef419044419,18.0
1594,fe34825d-d93d-442b-8ac2-46fc7002cee2,22.0
1595,f29b7a95-2675-4288-b333-8fc0d860a3a1,17.0
1596,fa84491a-51ad-46fe-a96b-d2475ecaa191,22.0
1597,f582e887-295b-4cce-b854-01ece540d26b,19.0
1598,fd0ce938-a4f5-4b37-8f7b-dfbed708dabc,17.0
1599,cd89e128-0dc2-4f43-950f-547faf4c06b1,21.0
1600,529f34df-1d80-48eb-bc5c-31f2346785cd,25.0
1601,b7a8e570-167a-44db-acbd-9df716ffc681,22.0
1602,e64af950-caf1-45ea-a5c2-d4b810383b25,17.0
1603,7284c933-038d-4018-ba71-a280f1fa20ae,25.0
1604,fcef4fbf-6420-4413-ba96-f030dcc8c3b4,18.0
1605,fc21cf4d-92de-4544-9cf4-d93ff35c43ad,18.0
1606,957fe363-8f68-4a1d-9e9f-31db07282b9f,20.0
1607,efccb21e-3d89-44f2-99d2-a3221328cad8,18.0
1608,98c5ff29-b61e-4987-91be-0279fff4b489,23.0
1609,97231782-1c5b-4f0f-8f20-8cad030c4825,23.0
1610,559642a3-effb-4f04-9da9-9e5b7fa0ba2f,25.0
1611,85c5d9d5-1a63-4907-9f6b-2149cca82255,23.0
1612,c8d4f42d-094f-4d57-bcb4-8d8461450425,25.0
1613,d6f52ee1-8ee6-469f-b07d-91772cf41e10,23.0
1614,a5b2f9c4-feee-48fd-bceb-4ee12745c49a,27.0
1615,bb9831be-2a48-4b4d-9545-22d1ca0c38db,26.0
1616,7284a414-826e-46c4-9c84-6743f34664a8,26.0
1617,b97be721-f076-4873-98c6-2e30ece335c3,25.0
1618,daba5549-aeb2-43c5-8cc7-375fdeefeb14,23.0
1619,7b88421a-9462-420f-9925-e41d9a6645ef,25.0
1620,f8af4851-12c3-4f47-8831-13f895089994,25.0
1621,c807b4c9-7680-4882-9eed-bda2ea3dc7c2,22.0
1622,f314c94f-1a46-4a2b-b7fa-1884ec5bd385,23.0
1623,7f692769-9d71-4b24-92dd-85a3f955dcec,25.0
1624,753857a1-1f3f-49bd-a188-26a62642d282,26.0
1625,9d24d8ca-3390-4700-a63c-38bfd693cd5f,25.0
1626,6ba36530-e78c-4df8-be7a-4156a2014456,26.0
1627,bfca8797-9122-4a29-8c99-1c85c8c45b86,26.0
1628,e1af14ea-ab27-4d1c-857d-9d132caecb38,25.0
1629,e55ca6a4-2a3f-4b0a-99d6-f7e814b71541,22.0
1630,79132dfd-597d-48fa-a07d-923e72d59249,25.0
1631,a136fd3a-6705-476d-b8c3-9f2772f67617,23.0
1632,fc9d35b5-3137-4b39-86ad-4a853cb2b812,23.0
1633,de5db093-4336-4d5d-99f4-fa172e04a92b,23.0
1634,1ddad58d-a687-41e0-89ff-e4ddc9abe16f,22.0
1635,3c81d163-d656-441c-ad86-4c76a40b5757,22.0
1636,10e87578-b09a-46d1-8a4d-2a8753869dfd,22.0
1637,43681e22-07b9-4bf0-b300-fb45085f4320,22.0
1638,2cd22b3f-e52c-465c-b0bc-bc290ee54867,22.0
1639,b2c44360-3e1c-4f8c-beb5-2e52cdcecfcd,22.0
1640,72186eb5-4d91-42d6-ac7f-9d75854bce32,22.0
1641,394c8c62-1529-4754-bcbe-952b46f6cbca,22.0
1642,6ed0b1c6-95e9-4231-819f-b27b2b6ce0c9,22.0
1643,80ce654b-46ec-4450-87e2-1c097b89f3b0,22.0
1644,d81bd7a4-ee2a-4363-b662-f6f05cde2372,22.0
1645,6d0086fc-797e-4f02-ad5d-896d0864766f,22.0
1646,a3a12bda-a9b9-4212-9067-e8935c006d4e,22.0
1647,59df69cd-9487-4221-9c09-a5d75b110e2c,22.0
1648,341a914c-46f8-4ee8-9e99-911157e142a0,22.0
1649,02aec5fa-979a-4e63-9f9e-9180c4a20280,22.0
1650,f62a3945-1bb2-475f-9c01-481e5fe78979,22.0
1651,fc8628ee-1c0b-476c-b4d2-fd9ae6f549c5,22.0
1652,5e3ad4f3-6323-4a86-829e-fad80e8c0e21,22.0
1653,45f6368b-164b-4d8a-a15e-ec7c2ce5cd61,22.0
1654,51cd994e-cc5e-4fe6-8d37-514609d5b029,22.0
1655,b7d534f5-bf87-43aa-9105-c144640d1cd1,22.0
1656,1dee8b3b-b982-43b8-88bb-fc22500be45c,22.0
1657,41236c28-1a92-459e-b3f8-ad69be018c71,22.0
1658,4ec5fdfb-b622-4a28-9eb5-507b818f4966,22.0
1659,c6c2912b-7098-48a6-ac21-385daee98e73,22.0
1660,e8b2d321-1707-4454-8c65-67ef375ead51,22.0
1661,7c28f918-d37a-4e2d-ab2d-5d11b234c94c,22.0
1662,d3b5c6ce-54e3-47ff-be7e-e0719ae3518c,22.0
1663,b81beaf7-43f4-4a77-8e71-de38424e33f7,22.0
1664,6545505c-92bf-4fcb-8c7b-fb1a033dcfd8,22.0
1665,PL-Bassee-2010,20.0
1666,4ef96777-89bb-4fd8-9730-c621559010ff,17.0
1667,2495eb4a-e858-4615-9adc-405aaba9611e,22.0
1668,EAT_Aisne_Evergnicourt_Oise_1825,19.0
1669,776b935f-6877-49a8-88e6-0818b1d724fd,22.0
1670,08c8fa8a-86fa-402c-a01d-71c166efe574,22.0
1671,22ae68d0-8ec5-471c-85d9-203cc8101066,22.0
1672,c0ec8b98-e9ac-49f2-8668-f513cb435fe3,22.0
1673,c4d2de1d-b0c1-4201-aace-bf72b7f94968,22.0
1674,3143d313-30e6-4d11-81fe-ecaf848fd542,22.0
1675,489ce781-6205-4bea-a9c6-c53590430732,22.0
1676,806254bf-6180-49e7-9325-4d35f931b6dd,22.0
1677,c87dac6e-7b0b-447e-b4aa-da27afa6660a,22.0
1678,73294822-b55a-4e7f-bf49-e75fc659382a,22.0
1679,4b4bcfd3-7645-49bc-a4dd-388886d5e779,22.0
1680,5328a56b-70cb-4ade-96d2-b9077d9cb229,22.0
1681,6e8c5251-d2d3-4937-a14b-cf8104f56a63,22.0
1682,f31cb32a-2bfa-4563-a20c-9f3884b1f50f,22.0
1683,4c49054e-27f7-4a93-9bf5-075e6afca9ac,22.0
1684,6b07b4ed-7732-428a-ad85-aa42c3dd2ebe,22.0
1685,c3ecac97-a4fa-463a-a88e-14da8b5cf3a2,22.0
1686,dd65b773-c40b-4e97-b453-c3dc47bd590f,22.0
1687,7c6077f6-2387-48f8-adbf-07213193ae06,22.0
1688,Cartes_g√©ohistoire_Bass√©e2,19.0
1689,78a83ea3-4a19-4277-85eb-fb9ed1472e14,22.0
1690,bbd110f5-c194-4a3d-8682-39dea41625b3,22.0
1691,737bdab1-feb3-4c76-8408-769e457a7b75,22.0
1692,cc2eb403-df96-493a-ab73-37fa7f7a876a,22.0
1693,003b9e75-5d29-42b7-9afe-4e4b6faddc60,22.0
1694,85a747a5-efdb-4e4b-8afc-40fcb2e8a7b5,22.0
1695,661c6a66-cfad-44d2-8cbe-194a25c93064,22.0
1696,8e58a12a-d2dd-4ac2-8989-589608be33fc,22.0
1697,85795ee5-13e1-4c4d-b02b-aa98e1b4d5dd,23.0
1698,c32a02ea-c2bc-41ef-b174-fa9f420f4868,25.0
1699,f1c7e6a4-7709-4e10-876e-e1182048514f,23.0
1700,8bfd35fb-4438-4c57-8af6-79366bebe197,23.0
1701,6caf24a1-52b3-48a8-bb42-62972fea66e0,23.0
1702,f87a76c9-d519-4e86-a377-d53084f3c6f8,25.0
1703,a2f0b969-a5ef-4fc3-a8a0-a6fc01f65b6f,27.0
1704,954db734-a801-4f4e-a0a2-4982650d8f71,25.0
1705,8b1a0b08-ad24-4df5-b46c-afeb9a665582,27.0
1706,6aafc37d-dbbc-4a1e-b415-9755cbba4bd8,25.0
1707,b9ada834-cad9-4522-bf89-ff83c1a20ad9,26.0
1708,4154121d-404e-4828-8502-45731e4822a1,19.0
1709,85c0394f-3385-4805-b78f-038d14e733a2,22.0
1710,edfe7a45-d84f-4734-8f01-3204423e1575,23.0
1711,acf29b2a-6c10-4e1d-9f2d-aa12c444435f,23.0
1712,c1b6fdb9-4d71-4d7c-9bbf-ac5ba54dd1ec,23.0
1713,f953b614-d036-4ee5-a89b-0634ac57c212,25.0
1714,735ef77d-c474-4dfd-911b-236431776021,26.0
1715,5a6c05a7-58f5-4b1d-ad43-44a0f2ef4cec,26.0
1716,5d1d7e93-d961-42df-b289-4fa3f9a6edee,27.0
1717,aac7bd7e-dc60-49d3-9e47-ba1422627b6e,26.0
1718,57a1c43e-6672-4ff4-9b0a-419d20c24c5a,25.0
1719,aeac7514-3b66-4d95-9eac-793f53b2f5f5,26.0
1720,896a4591-c993-4664-8658-98872f639693,23.0
1721,5c248cc2-8f74-4d47-8eab-ef1c7dd9f192,24.0
1722,9a73a86d-2b26-4e7c-9866-9d8d36e3a945,25.0
1723,8ae5b714-7dea-4fea-bc73-377851d1bbe6,23.0
1724,a14849fe-79f4-4da2-824d-a9883be0835b,25.0
1725,ad2d43f4-97b3-4035-adce-262e9f89bbaa,26.0
1726,918ed081-0ea3-48f8-b7b4-2c3a0fdb70c2,25.0
1727,f31c9e2c-256f-4e81-9ca5-ef394127c7ee,25.0
1728,be71e66c-425d-48a7-b904-c1b1f4405714,25.0
1729,f246e4d3-fe49-4b35-825a-3db2cb007c55,25.0
1730,ee44f357-bacf-44c2-8f95-90fa9169c5fa,25.0
1731,75eae408-418d-4bb7-b379-0ba77ba50eb8,25.0
1732,d3b734f6-ef02-4e96-a881-1f62305b40d2,26.0
1733,95507937-8eb3-493f-8b37-a5503417dc2c,23.0
1734,cd141382-b749-4eb0-8189-6c0a9283bfe9,25.0
1735,76b32360-3505-4d3b-8c35-b5d662008150,23.0
1736,ffd8b239-fc83-4d42-99f2-244b7ed63f01,25.0
1737,bf236dbd-41bb-4b8d-b6ae-96658014340b,26.0
1738,9845ae1e-c7e5-428a-9fc8-be30b4200992,26.0
1739,f07dd249-1b23-4456-b713-5c5e9c4d194e,24.0
1740,c51b43ab-a464-46a2-9edb-e40c2d9c3739,26.0
1741,6ee2a9be-2a41-4b20-b682-16de61b24f03,25.0
1742,c29ffb0c-b932-48a2-b5ff-bec0c7bd3c72,26.0
1743,6b53f2c1-73b4-4db3-9c8b-b7a3f31cc093,25.0
1744,90c2e742-7354-4ce1-b155-19fc1f10ea1e,26.0
1745,f2a16b73-c578-47a2-bfdd-ff7726928324,23.0
1746,f4f86354-1a49-4c2f-9fce-0e5ffe49371e,26.0
1747,653195e4-7829-44ea-b115-9e6541afefdb,25.0
1748,5bf9ae1b-58ac-43da-a2bf-e4a96a11afd6,23.0
1749,8f903059-74b4-4f63-b320-51d9dd28dbbc,23.0
1750,75187162-c802-40e2-9362-9161c576924b,25.0
1751,f6f7998a-f20d-4988-9445-667878694a49,26.0
1752,afbb07df-747b-45a6-a48d-4581f5bfe200,25.0
1753,9f6b7bda-cffd-408d-ba70-c4dfe40d2b7f,26.0
1754,bfc26f6f-6047-47d5-ad2e-917821ea2da1,25.0
1755,d29251b2-2302-42e4-b443-156879c902c7,25.0
1756,8965a897-538d-4bd7-939f-18d23a72c3e2,26.0
1757,ee707645-ed92-4413-8004-e827f78067ca,23.0
1758,caf3b212-878e-4224-be0b-cdd9baac07c0,23.0
1759,e6237cbf-17df-4ff1-9276-a26e2914c88e,23.0
1760,d0df67cb-c9e9-45d4-b7b9-5b15219bddfa,24.0
1761,c68463b0-4715-4aaa-8efa-cbc9ccc95695,23.0
1762,83d7b4e8-3d9a-42fe-bfe6-3116d7ddf912,27.0
1763,c2629565-3267-4a04-859f-6519b8c62daf,23.0
1764,99f7829a-59e0-43c8-b86c-fc066187f91a,25.0
1765,da18fd01-adf4-490b-a8d4-7f398581fef5,25.0
1766,fa78a89e-5c0c-4d2e-840d-17372a6e7bf6,25.0
1767,7e5bb485-17c1-4398-ac6b-6c297658cbc3,25.0
1768,fb9c94c0-17ac-41ef-a1b4-9f5fb8460faa,25.0
1769,b6ca2041-f9d6-4408-a301-be905cf65dde,26.0
1770,8d8317a1-b92c-415e-a6bb-04746126ee07,26.0
1771,b474b557-0434-4a79-b38f-648ec3e636ab,25.0
1772,cffc8669-c0ad-421b-b711-f929f0a30e1a,23.0
1773,ff2754ae-953a-43c5-bf10-85a370710f62,25.0
1774,dbda0bc6-a8a7-463f-bf06-84515ae42a28,23.0
1775,af5aa79a-c9a8-40b1-9cf8-ee8ce82ddaac,26.0
1776,e5a901bd-7259-4ae1-bebc-861d7d25d836,25.0
1777,87aa6c06-8b8f-4972-9ca7-6d6a19e9744a,25.0
1778,edadc2b8-4ee7-4250-8413-46ae85392ee3,26.0
1779,6a9321e9-fa00-4156-84c1-14144d731008,23.0
1780,b386ddc4-5679-46ec-b125-e5d3a9fffdc5,23.0
1781,74ed41ae-bbcd-464e-9eaa-d216f16c96e2,26.0
1782,e404372c-ec1f-4e5b-b65a-581a8ce35d9e,25.0
1783,ad6a0051-dd8d-4d47-8259-e309e25c11e8,26.0
1784,e5ed0cbe-dc47-4195-b214-7861ee33ecc9,25.0
1785,7d9ad2e5-afcc-4f53-9b62-ac48e67069fb,26.0
1786,9b19fbf4-2839-4636-9375-526c0b067301,23.0
1787,cb8dab7b-5fdc-4f11-b530-4f4eacc70b0c,25.0
1788,f3402fc4-17a6-4133-a3fc-6263acb4bb8e,26.0
1789,f2a0205b-8ec5-4a16-8cd9-e9a132ae7c1a,23.0
1790,a4a29c50-fc41-4a08-abff-5ddb76b26a2d,23.0
1791,51154bb1-c263-4157-8ee4-a4fbd5aef0df,17.0
1792,91b62929-4996-4f1c-8817-cc0847d2ec91,22.0
1793,ada99774-bf8e-423e-b6ba-ad966d71a91b,16.0
1794,7013d4b5-a76a-402b-8c22-d2f512d4e7ab,22.0
1795,3471dc01-c88b-43dd-9f0d-820643700d6b,22.0
1796,3a44a94b-525d-46aa-b772-edb443fb72c1,22.0
1797,9f534763-136c-4456-af79-b304d53b5576,22.0
1798,f7f9516b-6292-477f-87da-dafbd3181b25,22.0
1799,df66c44c-d1f8-4edc-a046-8d9ed3e367cc,16.0
1800,e0d6c55d-239f-4b81-ba11-b450dd9a22f9,22.0
1801,7af57547-9978-46fb-a245-c4600be1c316,22.0
1802,47febfcf-f714-4aef-a03c-3d6924c79ec7,22.0
1803,8b1ae1ad-604d-46a6-a56b-18b209da197e,22.0
1804,677cb0a5-09b3-4d85-b51f-10bb75613830,22.0
1805,14f9586a-28fb-468b-b4a4-91eae6ad189c,22.0
1806,2d53b726-ea4b-4506-832e-565aafa4af6c,22.0
1807,be128496-fdbe-492b-a8da-332e22a359fd,22.0
1808,0459f493-44d0-4f62-9565-8feeb31c1520,22.0
1809,a9b0a67c-4fd0-4f8f-a9b3-2941a7195145,22.0
1810,9a9cd8c1-b0f1-479e-9134-5fd5638e2bd2,22.0
1811,069dae54-092e-47bf-a0e0-3b896de1f78c,22.0
1812,298cb955-a133-47d0-8519-6084b3e0ba16,22.0
1813,f095950b-4a33-4fd3-8702-e4417865744d,22.0
1814,e8896323-9428-4d0b-9bfa-ac5ab97c9bcd,22.0
1815,65092007-e001-44c4-8d67-11147d9bdb26,22.0
1816,09010a35-f604-4669-a516-6eebf27b9fe8,22.0
1817,d6f8ae00-86af-4b9f-ac74-9a31036d79a5,22.0
1818,e185bcd3-b735-4126-856a-4de502f8b553,22.0
1819,69b58d34-58e7-476a-a913-e370f0210ae6,22.0
1820,6a5c5bcb-3f0d-4bca-90d3-05699ed32f54,22.0
1821,e638976a-9759-488e-b2b7-5dce1176542b,22.0
1822,1606211754672-1,20.0
1823,4d7181ff-fae3-41fb-9abc-c2dd4da624e3,22.0
1824,9fc7d960-651f-43e0-9cfd-512e60a8d689,22.0
1825,a16c8db0-0402-47a8-990c-58957a3fba85,22.0
1826,3c573797-e55b-4d90-b774-830be3b7f2dc,22.0
1827,67ce0a03-877e-47ee-b3c9-5246ba75edae,22.0
1828,8d350297-243b-456d-86d2-b49e22c0e285,22.0
1829,e5a884c5-1be4-4aac-9954-354d9f3eb676,22.0
1830,35058a37-7033-4ec1-acb4-79c9c7b9fb2f,22.0
1831,aff66dd8-77d2-4b91-97b1-3bbbdc1f638f,22.0
1832,1faa6d5b-b0b7-4349-bf46-7917846663e4,22.0
1833,549978a1-5dc9-4a77-9ab2-8bafe8c3ec84,22.0
1834,ce257026-f688-49ef-97fa-086315879aca,22.0
1835,a980d999-bcd1-4d89-9076-7f0f74c3ac91,22.0
1836,88d83409-a36a-4fdd-ba45-7b6dbbd70d09,22.0
1837,0225cd26-915c-407e-857d-5fd2b229e569,22.0
1838,aef84a90-93dc-4505-81f7-f0ca1f6e747a,22.0
1839,ZAEU-10-48579-PRO-VY7MH3,3.0
1840,oai:search-data.ubfc.fr:FR-18008901306731-2016-09-07,16.0
1841,oai:search-data.ubfc.fr:FR-18008901306731-2016-09-09-02,16.0
1842,oai:search-data.ubfc.fr:FR-18008901306731-2016-09-09,16.0
1843,87c6657c-f11f-4644-b589-93c7c7832182,12.0
1844,9c0978bb-d2a0-4262-bbf6-59a4a33851a9,3.0
1845,69b6b106-c1a7-4529-9b87-37af99ef76cb,3.0
1846,4866032d-2e64-411e-bd89-4e79fc5cb2ec,12.0
1847,0b1059c0-aa18-4956-882a-0b58aa12c139,3.0
1848,a45e9d6c-cb22-4d84-a5b8-d49157a27d08,23.0
1849,4eaef890-0cf3-4d5a-9384-303585dd051d,23.0
1850,15e25a80-74ba-476f-8682-f0f849c383e6,20.0
1851,12a0b625-9ad5-4251-a57a-305e22edef2e,18.0
